"{'out_size_conv1': 32, 'kernel_size_conv1': 7, 'conv2_choice': 0, 'channel_multiplier': 1, 'kernel_size_conv2': 7, 'conv3_choice': 1, 'kernel_size_conv3': 5, 'conv4_choice': 1, 'kernel_size_conv4': 5, 'conv6_choice': 1, 'pool_choice': 0, '__arch__': True}",0.3984375,1677838.792310739,185798.294440828,129533943.49778698
"{'out_size_conv1': 16, 'kernel_size_conv1': 7, 'conv2_choice': 0, 'channel_multiplier': 1, 'kernel_size_conv2': 5, 'conv3_choice': 0, 'kernel_size_conv3': 3, 'conv4_choice': 1, 'kernel_size_conv4': 3, 'conv6_choice': 1, 'pool_choice': 0, '__arch__': True}",0.36576704545454547,1030620.1934162341,62680.46506635368,86355962.331858
"{'out_size_conv1': 32, 'kernel_size_conv1': 3, 'conv2_choice': 1, 'channel_multiplier': 2, 'kernel_size_conv2': 5, 'conv3_choice': 0, 'kernel_size_conv3': 5, 'conv4_choice': 1, 'kernel_size_conv4': 3, 'conv6_choice': 0, 'pool_choice': 1, '__arch__': True}",0.5376420454545454,2807637.738604615,877331.783085065,414508619.19291836
"{'out_size_conv1': 64, 'kernel_size_conv1': 5, 'conv2_choice': 1, 'channel_multiplier': 2, 'kernel_size_conv2': 3, 'conv3_choice': 1, 'kernel_size_conv3': 3, 'conv4_choice': 0, 'kernel_size_conv4': 5, 'conv6_choice': 0, 'pool_choice': 0, '__arch__': True}",0.44886363636363635,5123431.377145816,5999730.643306207,1511229340.807515
"{'out_size_conv1': 64, 'kernel_size_conv1': 7, 'conv2_choice': 0, 'channel_multiplier': 1, 'kernel_size_conv2': 7, 'conv3_choice': 1, 'kernel_size_conv3': 3, 'conv4_choice': 0, 'kernel_size_conv4': 3, 'conv6_choice': 0, 'pool_choice': 1, '__arch__': True}",0.5220170454545454,2663703.4999070866,486685.652805163,198618713.3632734
"{'out_size_conv1': 64, 'kernel_size_conv1': 5, 'conv2_choice': 0, 'channel_multiplier': 2, 'kernel_size_conv2': 5, 'conv3_choice': 0, 'kernel_size_conv3': 3, 'conv4_choice': 0, 'kernel_size_conv4': 3, 'conv6_choice': 0, 'pool_choice': 0, '__arch__': True}",0.3721590909090909,4430196.640442118,3665381.443739447,1390330993.5429137
"{'out_size_conv1': 16, 'kernel_size_conv1': 5, 'conv2_choice': 1, 'channel_multiplier': 2, 'kernel_size_conv2': 3, 'conv3_choice': 0, 'kernel_size_conv3': 5, 'conv4_choice': 0, 'kernel_size_conv4': 5, 'conv6_choice': 1, 'pool_choice': 0, '__arch__': True}",0.5056818181818182,1600042.4695570946,247376.75714549943,198618713.3632734
"{'out_size_conv1': 32, 'kernel_size_conv1': 7, 'conv2_choice': 0, 'channel_multiplier': 1, 'kernel_size_conv2': 5, 'conv3_choice': 0, 'kernel_size_conv3': 5, 'conv4_choice': 1, 'kernel_size_conv4': 3, 'conv6_choice': 0, 'pool_choice': 1, '__arch__': True}",0.3338068181818182,1668083.8079924602,179028.35387947323,138169539.7309728
"{'out_size_conv1': 32, 'kernel_size_conv1': 3, 'conv2_choice': 1, 'channel_multiplier': 1.5, 'kernel_size_conv2': 5, 'conv3_choice': 0, 'kernel_size_conv3': 5, 'conv4_choice': 1, 'kernel_size_conv4': 5, 'conv6_choice': 1, 'pool_choice': 0, '__arch__': True}",0.4659090909090909,2095825.025478557,316073.8017945178,155440732.19734442
"{'out_size_conv1': 64, 'kernel_size_conv1': 3, 'conv2_choice': 1, 'channel_multiplier': 2, 'kernel_size_conv2': 5, 'conv3_choice': 0, 'kernel_size_conv3': 5, 'conv4_choice': 1, 'kernel_size_conv4': 3, 'conv6_choice': 0, 'pool_choice': 0, '__arch__': True}",0.6321022727272727,5317474.714540018,3153638.8941986766,1329881819.9106133
"{'out_size_conv1': 16, 'kernel_size_conv1': 7, 'conv2_choice': 1, 'channel_multiplier': 2, 'kernel_size_conv2': 7, 'conv3_choice': 1, 'kernel_size_conv3': 3, 'conv4_choice': 0, 'kernel_size_conv4': 3, 'conv6_choice': 0, 'pool_choice': 1, '__arch__': True}",0.5106534090909091,1696665.760380071,341892.84333902947,224525502.0628308
"{'out_size_conv1': 16, 'kernel_size_conv1': 3, 'conv2_choice': 1, 'channel_multiplier': 2, 'kernel_size_conv2': 3, 'conv3_choice': 1, 'kernel_size_conv3': 5, 'conv4_choice': 0, 'kernel_size_conv4': 3, 'conv6_choice': 1, 'pool_choice': 0, '__arch__': True}",0.5369318181818182,1571022.7846009799,216211.95977020072,172711924.66371602
"{'out_size_conv1': 64, 'kernel_size_conv1': 5, 'conv2_choice': 0, 'channel_multiplier': 1.5, 'kernel_size_conv2': 5, 'conv3_choice': 0, 'kernel_size_conv3': 5, 'conv4_choice': 0, 'kernel_size_conv4': 3, 'conv6_choice': 1, 'pool_choice': 0, '__arch__': True}",0.3977272727272727,3262847.2770281313,1078836.9749929763,362695041.79380363
"{'out_size_conv1': 64, 'kernel_size_conv1': 5, 'conv2_choice': 0, 'channel_multiplier': 1.5, 'kernel_size_conv2': 5, 'conv3_choice': 1, 'kernel_size_conv3': 3, 'conv4_choice': 1, 'kernel_size_conv4': 3, 'conv6_choice': 1, 'pool_choice': 0, '__arch__': True}",0.5326704545454546,3136406.4158038073,794136.7095749342,302245868.161503
"{'out_size_conv1': 64, 'kernel_size_conv1': 7, 'conv2_choice': 1, 'channel_multiplier': 1, 'kernel_size_conv2': 7, 'conv3_choice': 1, 'kernel_size_conv3': 3, 'conv4_choice': 1, 'kernel_size_conv4': 5, 'conv6_choice': 1, 'pool_choice': 0, '__arch__': True}",0.4637784090909091,2854334.0709739705,1070349.2849288154,224525502.06283084
"{'out_size_conv1': 32, 'kernel_size_conv1': 7, 'conv2_choice': 0, 'channel_multiplier': 2, 'kernel_size_conv2': 3, 'conv3_choice': 0, 'kernel_size_conv3': 5, 'conv4_choice': 1, 'kernel_size_conv4': 5, 'conv6_choice': 1, 'pool_choice': 0, '__arch__': True}",0.4921875,2180935.486743399,431018.9841988927,319517060.62787455
"{'out_size_conv1': 16, 'kernel_size_conv1': 7, 'conv2_choice': 1, 'channel_multiplier': 1, 'kernel_size_conv2': 3, 'conv3_choice': 1, 'kernel_size_conv3': 5, 'conv4_choice': 0, 'kernel_size_conv4': 3, 'conv6_choice': 1, 'pool_choice': 0, '__arch__': True}",0.47017045454545453,1056772.8029753342,56828.72261791032,86355962.331858
"{'out_size_conv1': 32, 'kernel_size_conv1': 3, 'conv2_choice': 1, 'channel_multiplier': 2, 'kernel_size_conv2': 3, 'conv3_choice': 0, 'kernel_size_conv3': 5, 'conv4_choice': 1, 'kernel_size_conv4': 3, 'conv6_choice': 0, 'pool_choice': 1, '__arch__': True}",0.5142045454545454,2756045.03658511,735811.5245015514,397237426.7265468
"{'out_size_conv1': 32, 'kernel_size_conv1': 5, 'conv2_choice': 1, 'channel_multiplier': 2, 'kernel_size_conv2': 7, 'conv3_choice': 1, 'kernel_size_conv3': 3, 'conv4_choice': 0, 'kernel_size_conv4': 5, 'conv6_choice': 1, 'pool_choice': 1, '__arch__': True}",0.48792613636363635,3125064.5775996246,1279871.4359770897,457686600.3588474
"{'out_size_conv1': 16, 'kernel_size_conv1': 3, 'conv2_choice': 0, 'channel_multiplier': 2, 'kernel_size_conv2': 7, 'conv3_choice': 1, 'kernel_size_conv3': 3, 'conv4_choice': 0, 'kernel_size_conv4': 5, 'conv6_choice': 0, 'pool_choice': 1, '__arch__': True}",0.4680397727272727,1381359.6752708466,304516.0237744456,241796694.5292024
"{'out_size_conv1': 16, 'kernel_size_conv1': 5, 'conv2_choice': 0, 'channel_multiplier': 2, 'kernel_size_conv2': 5, 'conv3_choice': 1, 'kernel_size_conv3': 5, 'conv4_choice': 0, 'kernel_size_conv4': 5, 'conv6_choice': 0, 'pool_choice': 1, '__arch__': True}",0.4943181818181818,1428144.8665122967,340457.5410203602,259067886.995574
"{'out_size_conv1': 32, 'kernel_size_conv1': 5, 'conv2_choice': 0, 'channel_multiplier': 1, 'kernel_size_conv2': 5, 'conv3_choice': 0, 'kernel_size_conv3': 3, 'conv4_choice': 1, 'kernel_size_conv4': 3, 'conv6_choice': 0, 'pool_choice': 1, '__arch__': True}",0.4758522727272727,1661807.8547754202,166888.6206606015,138169539.7309728
"{'out_size_conv1': 64, 'kernel_size_conv1': 7, 'conv2_choice': 0, 'channel_multiplier': 1, 'kernel_size_conv2': 5, 'conv3_choice': 0, 'kernel_size_conv3': 3, 'conv4_choice': 1, 'kernel_size_conv4': 3, 'conv6_choice': 0, 'pool_choice': 1, '__arch__': True}",0.5610795454545454,2610611.0767424814,443306.35786221613,181347520.89690182
"{'out_size_conv1': 32, 'kernel_size_conv1': 7, 'conv2_choice': 0, 'channel_multiplier': 1, 'kernel_size_conv2': 5, 'conv3_choice': 0, 'kernel_size_conv3': 3, 'conv4_choice': 0, 'kernel_size_conv4': 3, 'conv6_choice': 0, 'pool_choice': 1, '__arch__': True}",0.34019886363636365,1695341.5886046225,199127.72246962888,155440732.1973444
"{'out_size_conv1': 16, 'kernel_size_conv1': 3, 'conv2_choice': 0, 'channel_multiplier': 1, 'kernel_size_conv2': 3, 'conv3_choice': 0, 'kernel_size_conv3': 3, 'conv4_choice': 0, 'kernel_size_conv4': 3, 'conv6_choice': 0, 'pool_choice': 0, '__arch__': True}",0.3806818181818182,1049896.344762555,62638.390135098736,103627154.7982296
"{'out_size_conv1': 16, 'kernel_size_conv1': 3, 'conv2_choice': 0, 'channel_multiplier': 1, 'kernel_size_conv2': 3, 'conv3_choice': 0, 'kernel_size_conv3': 3, 'conv4_choice': 0, 'kernel_size_conv4': 3, 'conv6_choice': 0, 'pool_choice': 1, '__arch__': True}",0.2379261363636363,1049896.344762555,62638.390135098736,103627154.7982296
"{'out_size_conv1': 32, 'kernel_size_conv1': 3, 'conv2_choice': 0, 'channel_multiplier': 1, 'kernel_size_conv2': 3, 'conv3_choice': 0, 'kernel_size_conv3': 5, 'conv4_choice': 1, 'kernel_size_conv4': 3, 'conv6_choice': 0, 'pool_choice': 1, '__arch__': True}",0.3963068181818182,1660207.8547754202,166496.13444623983,138169539.7309728
"{'out_size_conv1': 16, 'kernel_size_conv1': 3, 'conv2_choice': 0, 'channel_multiplier': 1, 'kernel_size_conv2': 3, 'conv3_choice': 0, 'kernel_size_conv3': 5, 'conv4_choice': 1, 'kernel_size_conv4': 3, 'conv6_choice': 0, 'pool_choice': 1, '__arch__': True}",0.2784090909090909,1032676.2204003944,57452.338668055134,94991558.5650438
"{'out_size_conv1': 16, 'kernel_size_conv1': 3, 'conv2_choice': 0, 'channel_multiplier': 1, 'kernel_size_conv2': 3, 'conv3_choice': 0, 'kernel_size_conv3': 3, 'conv4_choice': 0, 'kernel_size_conv4': 3, 'conv6_choice': 1, 'pool_choice': 0, '__arch__': True}",0.3934659090909091,1039964.3645613552,61318.38283633784,94991558.5650438
"{'out_size_conv1': 16, 'kernel_size_conv1': 3, 'conv2_choice': 0, 'channel_multiplier': 1, 'kernel_size_conv2': 3, 'conv3_choice': 0, 'kernel_size_conv3': 3, 'conv4_choice': 0, 'kernel_size_conv4': 3, 'conv6_choice': 1, 'pool_choice': 1, '__arch__': True}",0.2407670454545454,1039964.3645613552,61318.38283633784,94991558.5650438
"{'out_size_conv1': 16, 'kernel_size_conv1': 3, 'conv2_choice': 0, 'channel_multiplier': 1.5, 'kernel_size_conv2': 3, 'conv3_choice': 0, 'kernel_size_conv3': 3, 'conv4_choice': 0, 'kernel_size_conv4': 3, 'conv6_choice': 1, 'pool_choice': 1, '__arch__': True}",0.4112215909090909,1085505.5077254162,98279.863123301,120898347.26460119
"{'out_size_conv1': 16, 'kernel_size_conv1': 3, 'conv2_choice': 0, 'channel_multiplier': 1, 'kernel_size_conv2': 3, 'conv3_choice': 0, 'kernel_size_conv3': 3, 'conv4_choice': 0, 'kernel_size_conv4': 5, 'conv6_choice': 0, 'pool_choice': 0, '__arch__': True}",0.3501420454545454,1069842.1511045946,68014.26640163906,112262751.0314154
"{'out_size_conv1': 16, 'kernel_size_conv1': 3, 'conv2_choice': 0, 'channel_multiplier': 1, 'kernel_size_conv2': 3, 'conv3_choice': 0, 'kernel_size_conv3': 3, 'conv4_choice': 0, 'kernel_size_conv4': 5, 'conv6_choice': 0, 'pool_choice': 1, '__arch__': True}",0.3380681818181818,1069842.1511045946,68014.26640163906,112262751.0314154
"{'out_size_conv1': 16, 'kernel_size_conv1': 3, 'conv2_choice': 0, 'channel_multiplier': 1, 'kernel_size_conv2': 3, 'conv3_choice': 0, 'kernel_size_conv3': 3, 'conv4_choice': 0, 'kernel_size_conv4': 5, 'conv6_choice': 1, 'pool_choice': 0, '__arch__': True}",0.4467329545454545,1059910.1709033942,66694.25910287816,103627154.7982296
"{'out_size_conv1': 16, 'kernel_size_conv1': 3, 'conv2_choice': 0, 'channel_multiplier': 1, 'kernel_size_conv2': 3, 'conv3_choice': 0, 'kernel_size_conv3': 3, 'conv4_choice': 0, 'kernel_size_conv4': 5, 'conv6_choice': 1, 'pool_choice': 1, '__arch__': True}",0.3728693181818182,1059910.1709033942,66694.25910287816,103627154.7982296
"{'out_size_conv1': 16, 'kernel_size_conv1': 3, 'conv2_choice': 0, 'channel_multiplier': 1, 'kernel_size_conv2': 3, 'conv3_choice': 0, 'kernel_size_conv3': 3, 'conv4_choice': 1, 'kernel_size_conv4': 3, 'conv6_choice': 0, 'pool_choice': 0, '__arch__': True}",0.3203125,1032676.2204003944,57452.338668055134,94991558.5650438
"{'out_size_conv1': 16, 'kernel_size_conv1': 3, 'conv2_choice': 0, 'channel_multiplier': 1, 'kernel_size_conv2': 3, 'conv3_choice': 0, 'kernel_size_conv3': 3, 'conv4_choice': 1, 'kernel_size_conv4': 3, 'conv6_choice': 0, 'pool_choice': 1, '__arch__': True}",0.3103693181818182,1032676.2204003944,57452.338668055134,94991558.5650438
"{'out_size_conv1': 16, 'kernel_size_conv1': 3, 'conv2_choice': 0, 'channel_multiplier': 1, 'kernel_size_conv2': 3, 'conv3_choice': 0, 'kernel_size_conv3': 3, 'conv4_choice': 1, 'kernel_size_conv4': 3, 'conv6_choice': 1, 'pool_choice': 0, '__arch__': True}",0.3068181818181818,1022744.2401991942,56132.33136929423,86355962.331858
"{'out_size_conv1': 16, 'kernel_size_conv1': 3, 'conv2_choice': 0, 'channel_multiplier': 1, 'kernel_size_conv2': 3, 'conv3_choice': 0, 'kernel_size_conv3': 3, 'conv4_choice': 1, 'kernel_size_conv4': 3, 'conv6_choice': 1, 'pool_choice': 1, '__arch__': True}",0.4133522727272727,1022744.2401991942,56132.33136929423,86355962.331858
"{'out_size_conv1': 16, 'kernel_size_conv1': 3, 'conv2_choice': 0, 'channel_multiplier': 1, 'kernel_size_conv2': 3, 'conv3_choice': 0, 'kernel_size_conv3': 3, 'conv4_choice': 1, 'kernel_size_conv4': 5, 'conv6_choice': 0, 'pool_choice': 0, '__arch__': True}",0.4296875,1032676.2204003944,57452.338668055134,94991558.5650438
"{'out_size_conv1': 16, 'kernel_size_conv1': 3, 'conv2_choice': 0, 'channel_multiplier': 1, 'kernel_size_conv2': 3, 'conv3_choice': 0, 'kernel_size_conv3': 3, 'conv4_choice': 1, 'kernel_size_conv4': 5, 'conv6_choice': 0, 'pool_choice': 1, '__arch__': True}",0.2009943181818181,1032676.2204003944,57452.338668055134,94991558.5650438
"{'out_size_conv1': 16, 'kernel_size_conv1': 3, 'conv2_choice': 0, 'channel_multiplier': 1.5, 'kernel_size_conv2': 3, 'conv3_choice': 0, 'kernel_size_conv3': 3, 'conv4_choice': 1, 'kernel_size_conv4': 5, 'conv6_choice': 0, 'pool_choice': 1, '__arch__': True}",0.5632102272727273,1069489.8276269557,84015.61649422366,120898347.26460119
"{'out_size_conv1': 16, 'kernel_size_conv1': 3, 'conv2_choice': 0, 'channel_multiplier': 1, 'kernel_size_conv2': 3, 'conv3_choice': 0, 'kernel_size_conv3': 3, 'conv4_choice': 1, 'kernel_size_conv4': 5, 'conv6_choice': 1, 'pool_choice': 0, '__arch__': True}",0.3345170454545454,1022744.2401991942,56132.33136929423,86355962.331858
"{'out_size_conv1': 16, 'kernel_size_conv1': 3, 'conv2_choice': 0, 'channel_multiplier': 1, 'kernel_size_conv2': 7, 'conv3_choice': 0, 'kernel_size_conv3': 3, 'conv4_choice': 1, 'kernel_size_conv4': 5, 'conv6_choice': 0, 'pool_choice': 1, '__arch__': True}",0.3444602272727273,1032676.2204003943,57452.338668055134,94991558.56504379
"{'out_size_conv1': 16, 'kernel_size_conv1': 3, 'conv2_choice': 0, 'channel_multiplier': 1, 'kernel_size_conv2': 3, 'conv3_choice': 0, 'kernel_size_conv3': 3, 'conv4_choice': 1, 'kernel_size_conv4': 5, 'conv6_choice': 1, 'pool_choice': 1, '__arch__': True}",0.3828125,1022744.2401991942,56132.33136929423,86355962.331858
"{'out_size_conv1': 16, 'kernel_size_conv1': 3, 'conv2_choice': 0, 'channel_multiplier': 1, 'kernel_size_conv2': 3, 'conv3_choice': 0, 'kernel_size_conv3': 5, 'conv4_choice': 0, 'kernel_size_conv4': 3, 'conv6_choice': 0, 'pool_choice': 0, '__arch__': True}",0.4090909090909091,1049896.344762555,62638.390135098736,103627154.7982296
"{'out_size_conv1': 16, 'kernel_size_conv1': 3, 'conv2_choice': 0, 'channel_multiplier': 1.5, 'kernel_size_conv2': 7, 'conv3_choice': 0, 'kernel_size_conv3': 3, 'conv4_choice': 1, 'kernel_size_conv4': 5, 'conv6_choice': 0, 'pool_choice': 1, '__arch__': True}",0.4928977272727273,1069489.8276269557,84015.61649422366,120898347.26460119
"{'out_size_conv1': 16, 'kernel_size_conv1': 3, 'conv2_choice': 0, 'channel_multiplier': 1, 'kernel_size_conv2': 3, 'conv3_choice': 0, 'kernel_size_conv3': 5, 'conv4_choice': 0, 'kernel_size_conv4': 3, 'conv6_choice': 0, 'pool_choice': 1, '__arch__': True}",0.3742897727272727,1049896.344762555,62638.390135098736,103627154.7982296
"{'out_size_conv1': 16, 'kernel_size_conv1': 3, 'conv2_choice': 0, 'channel_multiplier': 1, 'kernel_size_conv2': 3, 'conv3_choice': 0, 'kernel_size_conv3': 5, 'conv4_choice': 0, 'kernel_size_conv4': 3, 'conv6_choice': 1, 'pool_choice': 0, '__arch__': True}",0.3089488636363636,1039964.3645613552,61318.38283633784,94991558.5650438
"{'out_size_conv1': 16, 'kernel_size_conv1': 3, 'conv2_choice': 0, 'channel_multiplier': 1, 'kernel_size_conv2': 3, 'conv3_choice': 0, 'kernel_size_conv3': 5, 'conv4_choice': 0, 'kernel_size_conv4': 3, 'conv6_choice': 1, 'pool_choice': 1, '__arch__': True}",0.2990056818181818,1039964.3645613552,61318.38283633784,94991558.5650438
"{'out_size_conv1': 16, 'kernel_size_conv1': 3, 'conv2_choice': 0, 'channel_multiplier': 1, 'kernel_size_conv2': 3, 'conv3_choice': 0, 'kernel_size_conv3': 5, 'conv4_choice': 0, 'kernel_size_conv4': 5, 'conv6_choice': 0, 'pool_choice': 0, '__arch__': True}",0.3416193181818182,1069842.1511045946,68014.26640163906,112262751.0314154
"{'out_size_conv1': 16, 'kernel_size_conv1': 3, 'conv2_choice': 0, 'channel_multiplier': 1, 'kernel_size_conv2': 3, 'conv3_choice': 0, 'kernel_size_conv3': 5, 'conv4_choice': 0, 'kernel_size_conv4': 5, 'conv6_choice': 0, 'pool_choice': 1, '__arch__': True}",0.3181818181818182,1069842.1511045946,68014.26640163906,112262751.0314154
"{'out_size_conv1': 16, 'kernel_size_conv1': 3, 'conv2_choice': 0, 'channel_multiplier': 1, 'kernel_size_conv2': 3, 'conv3_choice': 0, 'kernel_size_conv3': 5, 'conv4_choice': 0, 'kernel_size_conv4': 5, 'conv6_choice': 1, 'pool_choice': 0, '__arch__': True}",0.2926136363636363,1059910.1709033942,66694.25910287816,103627154.7982296
"{'out_size_conv1': 16, 'kernel_size_conv1': 3, 'conv2_choice': 0, 'channel_multiplier': 1, 'kernel_size_conv2': 3, 'conv3_choice': 0, 'kernel_size_conv3': 5, 'conv4_choice': 0, 'kernel_size_conv4': 5, 'conv6_choice': 1, 'pool_choice': 1, '__arch__': True}",0.3338068181818182,1059910.1709033942,66694.25910287816,103627154.7982296
"{'out_size_conv1': 16, 'kernel_size_conv1': 3, 'conv2_choice': 0, 'channel_multiplier': 1, 'kernel_size_conv2': 3, 'conv3_choice': 0, 'kernel_size_conv3': 5, 'conv4_choice': 1, 'kernel_size_conv4': 3, 'conv6_choice': 0, 'pool_choice': 0, '__arch__': True}",0.3068181818181818,1032676.2204003944,57452.338668055134,94991558.5650438
"{'out_size_conv1': 16, 'kernel_size_conv1': 3, 'conv2_choice': 0, 'channel_multiplier': 1, 'kernel_size_conv2': 3, 'conv3_choice': 0, 'kernel_size_conv3': 5, 'conv4_choice': 1, 'kernel_size_conv4': 3, 'conv6_choice': 1, 'pool_choice': 0, '__arch__': True}",0.3863636363636363,1022744.2401991942,56132.33136929423,86355962.331858
"{'out_size_conv1': 16, 'kernel_size_conv1': 3, 'conv2_choice': 0, 'channel_multiplier': 1, 'kernel_size_conv2': 3, 'conv3_choice': 0, 'kernel_size_conv3': 5, 'conv4_choice': 1, 'kernel_size_conv4': 3, 'conv6_choice': 1, 'pool_choice': 1, '__arch__': True}",0.2862215909090909,1022744.2401991942,56132.33136929423,86355962.331858
"{'out_size_conv1': 64, 'kernel_size_conv1': 5, 'conv2_choice': 0, 'channel_multiplier': 1.5, 'kernel_size_conv2': 7, 'conv3_choice': 0, 'kernel_size_conv3': 3, 'conv4_choice': 1, 'kernel_size_conv4': 5, 'conv6_choice': 0, 'pool_choice': 1, '__arch__': True}",0.4375,3261230.51673917,876058.3684018782,379966234.26017517
"{'out_size_conv1': 16, 'kernel_size_conv1': 3, 'conv2_choice': 0, 'channel_multiplier': 1, 'kernel_size_conv2': 3, 'conv3_choice': 0, 'kernel_size_conv3': 5, 'conv4_choice': 1, 'kernel_size_conv4': 5, 'conv6_choice': 0, 'pool_choice': 0, '__arch__': True}",0.4098011363636363,1032676.2204003944,57452.338668055134,94991558.5650438
"{'out_size_conv1': 16, 'kernel_size_conv1': 7, 'conv2_choice': 0, 'channel_multiplier': 1.5, 'kernel_size_conv2': 3, 'conv3_choice': 0, 'kernel_size_conv3': 3, 'conv4_choice': 0, 'kernel_size_conv4': 5, 'conv6_choice': 0, 'pool_choice': 1, '__arch__': True}",0.4794034090909091,1138531.788110694,133482.75587935094,155440732.1973444
"{'out_size_conv1': 32, 'kernel_size_conv1': 3, 'conv2_choice': 0, 'channel_multiplier': 1, 'kernel_size_conv2': 3, 'conv3_choice': 0, 'kernel_size_conv3': 3, 'conv4_choice': 0, 'kernel_size_conv4': 5, 'conv6_choice': 0, 'pool_choice': 1, '__arch__': True}",0.39488636363636365,1719236.4948546223,204885.93320948764,172711924.66371602
"{'out_size_conv1': 16, 'kernel_size_conv1': 3, 'conv2_choice': 0, 'channel_multiplier': 1, 'kernel_size_conv2': 3, 'conv3_choice': 0, 'kernel_size_conv3': 5, 'conv4_choice': 1, 'kernel_size_conv4': 5, 'conv6_choice': 0, 'pool_choice': 1, '__arch__': True}",0.2819602272727273,1032676.2204003944,57452.338668055134,94991558.5650438
"{'out_size_conv1': 16, 'kernel_size_conv1': 3, 'conv2_choice': 0, 'channel_multiplier': 1, 'kernel_size_conv2': 7, 'conv3_choice': 1, 'kernel_size_conv3': 3, 'conv4_choice': 1, 'kernel_size_conv4': 5, 'conv6_choice': 0, 'pool_choice': 1, '__arch__': True}",0.4367897727272727,1031871.3598278351,54169.60463164968,86355962.331858
"{'out_size_conv1': 16, 'kernel_size_conv1': 3, 'conv2_choice': 0, 'channel_multiplier': 1, 'kernel_size_conv2': 3, 'conv3_choice': 0, 'kernel_size_conv3': 5, 'conv4_choice': 1, 'kernel_size_conv4': 5, 'conv6_choice': 1, 'pool_choice': 0, '__arch__': True}",0.3316761363636363,1022744.2401991942,56132.33136929423,86355962.331858
"{'out_size_conv1': 16, 'kernel_size_conv1': 3, 'conv2_choice': 0, 'channel_multiplier': 1, 'kernel_size_conv2': 3, 'conv3_choice': 0, 'kernel_size_conv3': 5, 'conv4_choice': 1, 'kernel_size_conv4': 5, 'conv6_choice': 1, 'pool_choice': 1, '__arch__': True}",0.3046875,1022744.2401991942,56132.33136929423,86355962.331858
"{'out_size_conv1': 64, 'kernel_size_conv1': 5, 'conv2_choice': 0, 'channel_multiplier': 1, 'kernel_size_conv2': 3, 'conv3_choice': 0, 'kernel_size_conv3': 3, 'conv4_choice': 0, 'kernel_size_conv4': 3, 'conv6_choice': 0, 'pool_choice': 1, '__arch__': True}",0.4012784090909091,2655518.616637605,475260.8234741414,207254309.5964592
"{'out_size_conv1': 16, 'kernel_size_conv1': 3, 'conv2_choice': 0, 'channel_multiplier': 1, 'kernel_size_conv2': 3, 'conv3_choice': 1, 'kernel_size_conv3': 3, 'conv4_choice': 0, 'kernel_size_conv4': 3, 'conv6_choice': 0, 'pool_choice': 0, '__arch__': True}",0.3004261363636363,1049213.8841899952,59355.65609869328,94991558.5650438
"{'out_size_conv1': 16, 'kernel_size_conv1': 3, 'conv2_choice': 0, 'channel_multiplier': 1, 'kernel_size_conv2': 3, 'conv3_choice': 1, 'kernel_size_conv3': 3, 'conv4_choice': 0, 'kernel_size_conv4': 3, 'conv6_choice': 0, 'pool_choice': 1, '__arch__': True}",0.4211647727272727,1049213.8841899952,59355.65609869328,94991558.5650438
"{'out_size_conv1': 16, 'kernel_size_conv1': 3, 'conv2_choice': 0, 'channel_multiplier': 1, 'kernel_size_conv2': 3, 'conv3_choice': 1, 'kernel_size_conv3': 3, 'conv4_choice': 0, 'kernel_size_conv4': 3, 'conv6_choice': 1, 'pool_choice': 0, '__arch__': True}",0.4417613636363636,1039281.9039887954,58035.64879993238,86355962.331858
"{'out_size_conv1': 16, 'kernel_size_conv1': 3, 'conv2_choice': 0, 'channel_multiplier': 1, 'kernel_size_conv2': 3, 'conv3_choice': 1, 'kernel_size_conv3': 3, 'conv4_choice': 0, 'kernel_size_conv4': 3, 'conv6_choice': 1, 'pool_choice': 1, '__arch__': True}",0.3096590909090909,1039281.9039887954,58035.64879993238,86355962.331858
"{'out_size_conv1': 16, 'kernel_size_conv1': 3, 'conv2_choice': 0, 'channel_multiplier': 1, 'kernel_size_conv2': 3, 'conv3_choice': 1, 'kernel_size_conv3': 3, 'conv4_choice': 0, 'kernel_size_conv4': 5, 'conv6_choice': 0, 'pool_choice': 0, '__arch__': True}",0.3196022727272727,1068048.490532036,64731.5323652336,103627154.7982296
"{'out_size_conv1': 16, 'kernel_size_conv1': 3, 'conv2_choice': 0, 'channel_multiplier': 1, 'kernel_size_conv2': 3, 'conv3_choice': 1, 'kernel_size_conv3': 3, 'conv4_choice': 0, 'kernel_size_conv4': 5, 'conv6_choice': 0, 'pool_choice': 1, '__arch__': True}",0.3579545454545454,1068048.490532036,64731.5323652336,103627154.7982296
"{'out_size_conv1': 16, 'kernel_size_conv1': 3, 'conv2_choice': 0, 'channel_multiplier': 1, 'kernel_size_conv2': 3, 'conv3_choice': 1, 'kernel_size_conv3': 3, 'conv4_choice': 0, 'kernel_size_conv4': 5, 'conv6_choice': 1, 'pool_choice': 0, '__arch__': True}",0.4275568181818182,1058116.5103308358,63411.5250664727,94991558.5650438
"{'out_size_conv1': 16, 'kernel_size_conv1': 3, 'conv2_choice': 0, 'channel_multiplier': 1, 'kernel_size_conv2': 3, 'conv3_choice': 1, 'kernel_size_conv3': 3, 'conv4_choice': 0, 'kernel_size_conv4': 5, 'conv6_choice': 1, 'pool_choice': 1, '__arch__': True}",0.3231534090909091,1058116.5103308358,63411.5250664727,94991558.5650438
"{'out_size_conv1': 16, 'kernel_size_conv1': 3, 'conv2_choice': 0, 'channel_multiplier': 1, 'kernel_size_conv2': 3, 'conv3_choice': 1, 'kernel_size_conv3': 3, 'conv4_choice': 1, 'kernel_size_conv4': 3, 'conv6_choice': 0, 'pool_choice': 0, '__arch__': True}",0.3920454545454545,1031871.3598278352,54169.60463164968,86355962.331858
"{'out_size_conv1': 16, 'kernel_size_conv1': 3, 'conv2_choice': 0, 'channel_multiplier': 1, 'kernel_size_conv2': 3, 'conv3_choice': 1, 'kernel_size_conv3': 3, 'conv4_choice': 1, 'kernel_size_conv4': 3, 'conv6_choice': 0, 'pool_choice': 1, '__arch__': True}",0.3458806818181818,1031871.3598278352,54169.60463164968,86355962.331858
"{'out_size_conv1': 16, 'kernel_size_conv1': 3, 'conv2_choice': 0, 'channel_multiplier': 1, 'kernel_size_conv2': 3, 'conv3_choice': 1, 'kernel_size_conv3': 3, 'conv4_choice': 1, 'kernel_size_conv4': 3, 'conv6_choice': 1, 'pool_choice': 0, '__arch__': True}",0.3920454545454545,1021939.379626635,52849.59733288878,77720366.0986722
"{'out_size_conv1': 16, 'kernel_size_conv1': 3, 'conv2_choice': 0, 'channel_multiplier': 1, 'kernel_size_conv2': 3, 'conv3_choice': 1, 'kernel_size_conv3': 3, 'conv4_choice': 1, 'kernel_size_conv4': 3, 'conv6_choice': 1, 'pool_choice': 1, '__arch__': True}",0.3004261363636363,1021939.379626635,52849.59733288878,77720366.0986722
"{'out_size_conv1': 16, 'kernel_size_conv1': 3, 'conv2_choice': 0, 'channel_multiplier': 1, 'kernel_size_conv2': 3, 'conv3_choice': 1, 'kernel_size_conv3': 3, 'conv4_choice': 1, 'kernel_size_conv4': 5, 'conv6_choice': 0, 'pool_choice': 0, '__arch__': True}",0.4005681818181818,1031871.3598278352,54169.60463164968,86355962.331858
"{'out_size_conv1': 16, 'kernel_size_conv1': 3, 'conv2_choice': 0, 'channel_multiplier': 1, 'kernel_size_conv2': 3, 'conv3_choice': 1, 'kernel_size_conv3': 3, 'conv4_choice': 1, 'kernel_size_conv4': 5, 'conv6_choice': 0, 'pool_choice': 1, '__arch__': True}",0.4169034090909091,1031871.3598278352,54169.60463164968,86355962.331858
"{'out_size_conv1': 16, 'kernel_size_conv1': 3, 'conv2_choice': 0, 'channel_multiplier': 1, 'kernel_size_conv2': 3, 'conv3_choice': 1, 'kernel_size_conv3': 3, 'conv4_choice': 1, 'kernel_size_conv4': 5, 'conv6_choice': 1, 'pool_choice': 0, '__arch__': True}",0.3913352272727273,1021939.379626635,52849.59733288878,77720366.0986722
"{'out_size_conv1': 16, 'kernel_size_conv1': 3, 'conv2_choice': 0, 'channel_multiplier': 1, 'kernel_size_conv2': 3, 'conv3_choice': 1, 'kernel_size_conv3': 3, 'conv4_choice': 1, 'kernel_size_conv4': 5, 'conv6_choice': 1, 'pool_choice': 1, '__arch__': True}",0.4098011363636363,1021939.379626635,52849.59733288878,77720366.0986722
"{'out_size_conv1': 16, 'kernel_size_conv1': 3, 'conv2_choice': 0, 'channel_multiplier': 1.5, 'kernel_size_conv2': 3, 'conv3_choice': 0, 'kernel_size_conv3': 3, 'conv4_choice': 0, 'kernel_size_conv4': 3, 'conv6_choice': 0, 'pool_choice': 1, '__arch__': True}",0.4992897727272727,1108762.1621453648,106379.65914715102,138169539.7309728
"{'out_size_conv1': 32, 'kernel_size_conv1': 3, 'conv2_choice': 0, 'channel_multiplier': 1, 'kernel_size_conv2': 3, 'conv3_choice': 0, 'kernel_size_conv3': 3, 'conv4_choice': 0, 'kernel_size_conv4': 3, 'conv6_choice': 0, 'pool_choice': 1, '__arch__': True}",0.35795454545454547,1687465.6353875825,186595.50303639547,155440732.1973444
"{'out_size_conv1': 16, 'kernel_size_conv1': 3, 'conv2_choice': 0, 'channel_multiplier': 1, 'kernel_size_conv2': 3, 'conv3_choice': 1, 'kernel_size_conv3': 5, 'conv4_choice': 0, 'kernel_size_conv4': 3, 'conv6_choice': 0, 'pool_choice': 0, '__arch__': True}",0.4005681818181818,1066869.690532036,64731.5323652336,103627154.7982296
"{'out_size_conv1': 16, 'kernel_size_conv1': 7, 'conv2_choice': 0, 'channel_multiplier': 1, 'kernel_size_conv2': 3, 'conv3_choice': 0, 'kernel_size_conv3': 3, 'conv4_choice': 0, 'kernel_size_conv4': 3, 'conv6_choice': 0, 'pool_choice': 1, '__arch__': True}",0.3771306818181818,1057772.297979595,69186.5238321582,103627154.79822959
"{'out_size_conv1': 16, 'kernel_size_conv1': 3, 'conv2_choice': 0, 'channel_multiplier': 1, 'kernel_size_conv2': 3, 'conv3_choice': 1, 'kernel_size_conv3': 5, 'conv4_choice': 0, 'kernel_size_conv4': 3, 'conv6_choice': 0, 'pool_choice': 1, '__arch__': True}",0.3558238636363636,1066869.690532036,64731.5323652336,103627154.7982296
"{'out_size_conv1': 16, 'kernel_size_conv1': 3, 'conv2_choice': 0, 'channel_multiplier': 1, 'kernel_size_conv2': 7, 'conv3_choice': 0, 'kernel_size_conv3': 3, 'conv4_choice': 0, 'kernel_size_conv4': 3, 'conv6_choice': 1, 'pool_choice': 1, '__arch__': True}",0.37642045454545453,1039964.3645613553,61318.382836337834,94991558.56504379
"{'out_size_conv1': 16, 'kernel_size_conv1': 3, 'conv2_choice': 0, 'channel_multiplier': 1, 'kernel_size_conv2': 3, 'conv3_choice': 1, 'kernel_size_conv3': 5, 'conv4_choice': 0, 'kernel_size_conv4': 3, 'conv6_choice': 1, 'pool_choice': 0, '__arch__': True}",0.3955965909090909,1056937.7103308355,63411.5250664727,94991558.5650438
"{'out_size_conv1': 32, 'kernel_size_conv1': 5, 'conv2_choice': 0, 'channel_multiplier': 1, 'kernel_size_conv2': 3, 'conv3_choice': 0, 'kernel_size_conv3': 3, 'conv4_choice': 0, 'kernel_size_conv4': 3, 'conv6_choice': 0, 'pool_choice': 1, '__arch__': True}",0.34019886363636365,1689065.6353875825,186987.98925075715,155440732.1973444
"{'out_size_conv1': 64, 'kernel_size_conv1': 3, 'conv2_choice': 0, 'channel_multiplier': 1, 'kernel_size_conv2': 3, 'conv3_choice': 0, 'kernel_size_conv3': 3, 'conv4_choice': 0, 'kernel_size_conv4': 3, 'conv6_choice': 0, 'pool_choice': 1, '__arch__': True}",0.328125,2653918.616637605,474854.7819903289,207254309.5964592
"{'out_size_conv1': 16, 'kernel_size_conv1': 3, 'conv2_choice': 0, 'channel_multiplier': 1, 'kernel_size_conv2': 3, 'conv3_choice': 1, 'kernel_size_conv3': 5, 'conv4_choice': 0, 'kernel_size_conv4': 3, 'conv6_choice': 1, 'pool_choice': 1, '__arch__': True}",0.4453125,1056937.7103308355,63411.5250664727,94991558.5650438
"{'out_size_conv1': 32, 'kernel_size_conv1': 7, 'conv2_choice': 0, 'channel_multiplier': 1.5, 'kernel_size_conv2': 3, 'conv3_choice': 0, 'kernel_size_conv3': 3, 'conv4_choice': 0, 'kernel_size_conv4': 3, 'conv6_choice': 0, 'pool_choice': 1, '__arch__': True}",0.4481534090909091,1810686.011713562,317350.8463485684,207254309.5964592
"{'out_size_conv1': 64, 'kernel_size_conv1': 3, 'conv2_choice': 0, 'channel_multiplier': 1, 'kernel_size_conv2': 7, 'conv3_choice': 0, 'kernel_size_conv3': 3, 'conv4_choice': 0, 'kernel_size_conv4': 3, 'conv6_choice': 0, 'pool_choice': 1, '__arch__': True}",0.4779829545454545,2653918.616637605,474854.7819903289,207254309.5964592
"{'out_size_conv1': 16, 'kernel_size_conv1': 5, 'conv2_choice': 1, 'channel_multiplier': 1, 'kernel_size_conv2': 3, 'conv3_choice': 0, 'kernel_size_conv3': 3, 'conv4_choice': 0, 'kernel_size_conv4': 3, 'conv6_choice': 0, 'pool_choice': 1, '__arch__': True}",0.3600852272727273,1043448.2841900138,49893.16256911316,94991558.56504379
"{'out_size_conv1': 16, 'kernel_size_conv1': 3, 'conv2_choice': 0, 'channel_multiplier': 1, 'kernel_size_conv2': 3, 'conv3_choice': 1, 'kernel_size_conv3': 5, 'conv4_choice': 0, 'kernel_size_conv4': 5, 'conv6_choice': 0, 'pool_choice': 0, '__arch__': True}",0.3551136363636363,1087040.6968740723,70107.40863177393,112262751.0314154
"{'out_size_conv1': 16, 'kernel_size_conv1': 3, 'conv2_choice': 0, 'channel_multiplier': 1, 'kernel_size_conv2': 5, 'conv3_choice': 0, 'kernel_size_conv3': 3, 'conv4_choice': 0, 'kernel_size_conv4': 3, 'conv6_choice': 1, 'pool_choice': 1, '__arch__': True}",0.3174715909090909,1039964.3645613552,61318.38283633784,94991558.5650438
"{'out_size_conv1': 16, 'kernel_size_conv1': 3, 'conv2_choice': 0, 'channel_multiplier': 1, 'kernel_size_conv2': 3, 'conv3_choice': 1, 'kernel_size_conv3': 5, 'conv4_choice': 0, 'kernel_size_conv4': 5, 'conv6_choice': 0, 'pool_choice': 1, '__arch__': True}",0.4339488636363636,1087040.6968740723,70107.40863177393,112262751.0314154
"{'out_size_conv1': 16, 'kernel_size_conv1': 3, 'conv2_choice': 0, 'channel_multiplier': 1, 'kernel_size_conv2': 3, 'conv3_choice': 1, 'kernel_size_conv3': 5, 'conv4_choice': 0, 'kernel_size_conv4': 5, 'conv6_choice': 1, 'pool_choice': 0, '__arch__': True}",0.3941761363636363,1077108.7166728724,68787.40133301303,103627154.7982296
"{'out_size_conv1': 16, 'kernel_size_conv1': 5, 'conv2_choice': 1, 'channel_multiplier': 1, 'kernel_size_conv2': 5, 'conv3_choice': 0, 'kernel_size_conv3': 3, 'conv4_choice': 0, 'kernel_size_conv4': 3, 'conv6_choice': 0, 'pool_choice': 1, '__arch__': True}",0.4318181818181818,1107771.0830844685,70892.67765527446,103627154.79822959
"{'out_size_conv1': 16, 'kernel_size_conv1': 3, 'conv2_choice': 0, 'channel_multiplier': 1, 'kernel_size_conv2': 3, 'conv3_choice': 1, 'kernel_size_conv3': 5, 'conv4_choice': 0, 'kernel_size_conv4': 5, 'conv6_choice': 1, 'pool_choice': 1, '__arch__': True}",0.3252840909090909,1077108.7166728724,68787.40133301303,103627154.7982296
"{'out_size_conv1': 64, 'kernel_size_conv1': 3, 'conv2_choice': 0, 'channel_multiplier': 1.5, 'kernel_size_conv2': 3, 'conv3_choice': 0, 'kernel_size_conv3': 3, 'conv4_choice': 0, 'kernel_size_conv4': 3, 'conv6_choice': 1, 'pool_choice': 1, '__arch__': True}",0.3643465909090909,3261247.2770281313,1078430.9335091638,362695041.79380363
"{'out_size_conv1': 16, 'kernel_size_conv1': 3, 'conv2_choice': 0, 'channel_multiplier': 1, 'kernel_size_conv2': 3, 'conv3_choice': 1, 'kernel_size_conv3': 5, 'conv4_choice': 1, 'kernel_size_conv4': 3, 'conv6_choice': 0, 'pool_choice': 0, '__arch__': True}",0.3927556818181818,1049623.966169873,59545.48089819,94991558.5650438
"{'out_size_conv1': 32, 'kernel_size_conv1': 7, 'conv2_choice': 0, 'channel_multiplier': 1, 'kernel_size_conv2': 3, 'conv3_choice': 0, 'kernel_size_conv3': 3, 'conv4_choice': 0, 'kernel_size_conv4': 3, 'conv6_choice': 1, 'pool_choice': 1, '__arch__': True}",0.5127840909090909,1679424.7771534224,194017.76597328996,138169539.7309728
"{'out_size_conv1': 16, 'kernel_size_conv1': 3, 'conv2_choice': 0, 'channel_multiplier': 1.5, 'kernel_size_conv2': 7, 'conv3_choice': 0, 'kernel_size_conv3': 3, 'conv4_choice': 0, 'kernel_size_conv4': 3, 'conv6_choice': 0, 'pool_choice': 1, '__arch__': True}",0.5390625,1108762.1621453648,106379.65914715102,138169539.7309728
"{'out_size_conv1': 16, 'kernel_size_conv1': 3, 'conv2_choice': 0, 'channel_multiplier': 1, 'kernel_size_conv2': 3, 'conv3_choice': 1, 'kernel_size_conv3': 5, 'conv4_choice': 1, 'kernel_size_conv4': 3, 'conv6_choice': 0, 'pool_choice': 1, '__arch__': True}",0.2428977272727272,1049623.966169873,59545.48089819,94991558.5650438
"{'out_size_conv1': 16, 'kernel_size_conv1': 3, 'conv2_choice': 0, 'channel_multiplier': 1, 'kernel_size_conv2': 3, 'conv3_choice': 1, 'kernel_size_conv3': 5, 'conv4_choice': 1, 'kernel_size_conv4': 3, 'conv6_choice': 1, 'pool_choice': 0, '__arch__': True}",0.3615056818181818,1039691.985968673,58225.4735994291,86355962.331858
"{'out_size_conv1': 16, 'kernel_size_conv1': 3, 'conv2_choice': 0, 'channel_multiplier': 1, 'kernel_size_conv2': 3, 'conv3_choice': 1, 'kernel_size_conv3': 5, 'conv4_choice': 1, 'kernel_size_conv4': 3, 'conv6_choice': 1, 'pool_choice': 1, '__arch__': True}",0.2350852272727272,1039691.985968673,58225.4735994291,86355962.331858
"{'out_size_conv1': 64, 'kernel_size_conv1': 5, 'conv2_choice': 1, 'channel_multiplier': 1, 'kernel_size_conv2': 3, 'conv3_choice': 0, 'kernel_size_conv3': 5, 'conv4_choice': 1, 'kernel_size_conv4': 3, 'conv6_choice': 0, 'pool_choice': 1, '__arch__': True}",0.3622159090909091,2577604.4535778267,368533.92807745835,172711924.66371602
"{'out_size_conv1': 16, 'kernel_size_conv1': 3, 'conv2_choice': 0, 'channel_multiplier': 1, 'kernel_size_conv2': 5, 'conv3_choice': 0, 'kernel_size_conv3': 5, 'conv4_choice': 1, 'kernel_size_conv4': 3, 'conv6_choice': 0, 'pool_choice': 1, '__arch__': True}",0.2386363636363636,1032676.2204003944,57452.338668055134,94991558.5650438
"{'out_size_conv1': 16, 'kernel_size_conv1': 3, 'conv2_choice': 0, 'channel_multiplier': 1, 'kernel_size_conv2': 3, 'conv3_choice': 1, 'kernel_size_conv3': 5, 'conv4_choice': 1, 'kernel_size_conv4': 5, 'conv6_choice': 0, 'pool_choice': 0, '__arch__': True}",0.3998579545454545,1049623.966169873,59545.48089819,94991558.5650438
"{'out_size_conv1': 64, 'kernel_size_conv1': 3, 'conv2_choice': 0, 'channel_multiplier': 1, 'kernel_size_conv2': 5, 'conv3_choice': 0, 'kernel_size_conv3': 5, 'conv4_choice': 1, 'kernel_size_conv4': 3, 'conv6_choice': 1, 'pool_choice': 1, '__arch__': True}",0.5269886363636364,2576635.0495742457,404666.0916750113,155440732.19734442
"{'out_size_conv1': 16, 'kernel_size_conv1': 5, 'conv2_choice': 1, 'channel_multiplier': 1, 'kernel_size_conv2': 3, 'conv3_choice': 0, 'kernel_size_conv3': 5, 'conv4_choice': 1, 'kernel_size_conv4': 3, 'conv6_choice': 0, 'pool_choice': 1, '__arch__': True}",0.3636363636363636,1026228.1598278526,44707.11110206956,86355962.331858
"{'out_size_conv1': 16, 'kernel_size_conv1': 3, 'conv2_choice': 0, 'channel_multiplier': 1, 'kernel_size_conv2': 3, 'conv3_choice': 1, 'kernel_size_conv3': 5, 'conv4_choice': 1, 'kernel_size_conv4': 5, 'conv6_choice': 0, 'pool_choice': 1, '__arch__': True}",0.4517045454545454,1049623.966169873,59545.48089819,94991558.5650438
"{'out_size_conv1': 32, 'kernel_size_conv1': 7, 'conv2_choice': 0, 'channel_multiplier': 1.5, 'kernel_size_conv2': 3, 'conv3_choice': 0, 'kernel_size_conv3': 5, 'conv4_choice': 1, 'kernel_size_conv4': 3, 'conv6_choice': 1, 'pool_choice': 1, '__arch__': True}",0.5213068181818182,1702922.6594992992,223979.11210874992,146805135.96415862
"{'out_size_conv1': 16, 'kernel_size_conv1': 3, 'conv2_choice': 0, 'channel_multiplier': 1, 'kernel_size_conv2': 7, 'conv3_choice': 0, 'kernel_size_conv3': 5, 'conv4_choice': 1, 'kernel_size_conv4': 3, 'conv6_choice': 0, 'pool_choice': 1, '__arch__': True}",0.3096590909090909,1032676.2204003943,57452.338668055134,94991558.56504379
"{'out_size_conv1': 16, 'kernel_size_conv1': 3, 'conv2_choice': 0, 'channel_multiplier': 1, 'kernel_size_conv2': 3, 'conv3_choice': 1, 'kernel_size_conv3': 5, 'conv4_choice': 1, 'kernel_size_conv4': 5, 'conv6_choice': 1, 'pool_choice': 0, '__arch__': True}",0.4488636363636363,1039691.985968673,58225.4735994291,86355962.331858
"{'out_size_conv1': 16, 'kernel_size_conv1': 3, 'conv2_choice': 1, 'channel_multiplier': 1, 'kernel_size_conv2': 7, 'conv3_choice': 0, 'kernel_size_conv3': 5, 'conv4_choice': 1, 'kernel_size_conv4': 3, 'conv6_choice': 0, 'pool_choice': 1, '__arch__': True}",0.4112215909090909,1058008.957616812,102038.25072138524,112262751.03141539
"{'out_size_conv1': 16, 'kernel_size_conv1': 5, 'conv2_choice': 0, 'channel_multiplier': 1, 'kernel_size_conv2': 3, 'conv3_choice': 0, 'kernel_size_conv3': 3, 'conv4_choice': 1, 'kernel_size_conv4': 3, 'conv6_choice': 0, 'pool_choice': 1, '__arch__': True}",0.3955965909090909,1034276.2204003943,57838.047247691386,94991558.56504379
"{'out_size_conv1': 16, 'kernel_size_conv1': 3, 'conv2_choice': 0, 'channel_multiplier': 1, 'kernel_size_conv2': 3, 'conv3_choice': 1, 'kernel_size_conv3': 5, 'conv4_choice': 1, 'kernel_size_conv4': 5, 'conv6_choice': 1, 'pool_choice': 1, '__arch__': True}",0.3465909090909091,1039691.985968673,58225.4735994291,86355962.331858
"{'out_size_conv1': 16, 'kernel_size_conv1': 3, 'conv2_choice': 0, 'channel_multiplier': 1, 'kernel_size_conv2': 5, 'conv3_choice': 0, 'kernel_size_conv3': 3, 'conv4_choice': 1, 'kernel_size_conv4': 3, 'conv6_choice': 0, 'pool_choice': 1, '__arch__': True}",0.4232954545454545,1032676.2204003944,57452.338668055134,94991558.5650438
"{'out_size_conv1': 64, 'kernel_size_conv1': 3, 'conv2_choice': 0, 'channel_multiplier': 2, 'kernel_size_conv2': 3, 'conv3_choice': 0, 'kernel_size_conv3': 5, 'conv4_choice': 1, 'kernel_size_conv4': 3, 'conv6_choice': 0, 'pool_choice': 1, '__arch__': True}",0.5497159090909091,4219031.507364191,2481046.4403093234,1303975031.2110558
"{'out_size_conv1': 16, 'kernel_size_conv1': 3, 'conv2_choice': 0, 'channel_multiplier': 1, 'kernel_size_conv2': 5, 'conv3_choice': 0, 'kernel_size_conv3': 3, 'conv4_choice': 0, 'kernel_size_conv4': 3, 'conv6_choice': 0, 'pool_choice': 0, '__arch__': True}",0.3600852272727273,1049896.344762555,62638.390135098736,103627154.7982296
"{'out_size_conv1': 32, 'kernel_size_conv1': 7, 'conv2_choice': 1, 'channel_multiplier': 1, 'kernel_size_conv2': 3, 'conv3_choice': 1, 'kernel_size_conv3': 3, 'conv4_choice': 1, 'kernel_size_conv4': 3, 'conv6_choice': 1, 'pool_choice': 1, '__arch__': True}",0.4474431818181818,1634013.2691460883,141865.7318061419,103627154.79822959
"{'out_size_conv1': 16, 'kernel_size_conv1': 5, 'conv2_choice': 0, 'channel_multiplier': 1.5, 'kernel_size_conv2': 7, 'conv3_choice': 0, 'kernel_size_conv3': 3, 'conv4_choice': 1, 'kernel_size_conv4': 3, 'conv6_choice': 0, 'pool_choice': 1, '__arch__': True}",0.5106534090909091,1071089.8276269557,84401.32507385992,120898347.26460119
"{'out_size_conv1': 16, 'kernel_size_conv1': 3, 'conv2_choice': 0, 'channel_multiplier': 1, 'kernel_size_conv2': 5, 'conv3_choice': 0, 'kernel_size_conv3': 3, 'conv4_choice': 0, 'kernel_size_conv4': 3, 'conv6_choice': 0, 'pool_choice': 1, '__arch__': True}",0.3785511363636363,1049896.344762555,62638.390135098736,103627154.7982296
"{'out_size_conv1': 16, 'kernel_size_conv1': 3, 'conv2_choice': 0, 'channel_multiplier': 1, 'kernel_size_conv2': 5, 'conv3_choice': 0, 'kernel_size_conv3': 3, 'conv4_choice': 0, 'kernel_size_conv4': 3, 'conv6_choice': 1, 'pool_choice': 0, '__arch__': True}",0.3572443181818182,1039964.3645613552,61318.38283633784,94991558.5650438
"{'out_size_conv1': 16, 'kernel_size_conv1': 3, 'conv2_choice': 0, 'channel_multiplier': 1, 'kernel_size_conv2': 5, 'conv3_choice': 0, 'kernel_size_conv3': 3, 'conv4_choice': 0, 'kernel_size_conv4': 5, 'conv6_choice': 0, 'pool_choice': 0, '__arch__': True}",0.3778409090909091,1069842.1511045946,68014.26640163906,112262751.0314154
"{'out_size_conv1': 16, 'kernel_size_conv1': 3, 'conv2_choice': 0, 'channel_multiplier': 1, 'kernel_size_conv2': 5, 'conv3_choice': 0, 'kernel_size_conv3': 3, 'conv4_choice': 0, 'kernel_size_conv4': 5, 'conv6_choice': 0, 'pool_choice': 1, '__arch__': True}",0.3245738636363636,1069842.1511045946,68014.26640163906,112262751.0314154
"{'out_size_conv1': 16, 'kernel_size_conv1': 3, 'conv2_choice': 0, 'channel_multiplier': 1, 'kernel_size_conv2': 5, 'conv3_choice': 0, 'kernel_size_conv3': 3, 'conv4_choice': 0, 'kernel_size_conv4': 5, 'conv6_choice': 1, 'pool_choice': 0, '__arch__': True}",0.3416193181818182,1059910.1709033942,66694.25910287816,103627154.7982296
"{'out_size_conv1': 16, 'kernel_size_conv1': 3, 'conv2_choice': 0, 'channel_multiplier': 1, 'kernel_size_conv2': 5, 'conv3_choice': 0, 'kernel_size_conv3': 3, 'conv4_choice': 0, 'kernel_size_conv4': 5, 'conv6_choice': 1, 'pool_choice': 1, '__arch__': True}",0.3053977272727273,1059910.1709033942,66694.25910287816,103627154.7982296
"{'out_size_conv1': 64, 'kernel_size_conv1': 3, 'conv2_choice': 0, 'channel_multiplier': 1, 'kernel_size_conv2': 3, 'conv3_choice': 1, 'kernel_size_conv3': 5, 'conv4_choice': 1, 'kernel_size_conv4': 3, 'conv6_choice': 1, 'pool_choice': 1, '__arch__': True}",0.5028409090909091,2632216.945343728,463560.7059225335,181347520.89690182
"{'out_size_conv1': 16, 'kernel_size_conv1': 3, 'conv2_choice': 1, 'channel_multiplier': 2, 'kernel_size_conv2': 3, 'conv3_choice': 1, 'kernel_size_conv3': 5, 'conv4_choice': 1, 'kernel_size_conv4': 3, 'conv6_choice': 0, 'pool_choice': 1, '__arch__': True}",0.46732954545454547,1565421.601069297,205312.7386629297,189983117.1300876
"{'out_size_conv1': 32, 'kernel_size_conv1': 7, 'conv2_choice': 0, 'channel_multiplier': 1, 'kernel_size_conv2': 3, 'conv3_choice': 0, 'kernel_size_conv3': 5, 'conv4_choice': 1, 'kernel_size_conv4': 5, 'conv6_choice': 0, 'pool_choice': 1, '__arch__': True}",0.3721590909090909,1668083.8079924602,179028.35387947323,138169539.7309728
"{'out_size_conv1': 16, 'kernel_size_conv1': 5, 'conv2_choice': 0, 'channel_multiplier': 1, 'kernel_size_conv2': 3, 'conv3_choice': 0, 'kernel_size_conv3': 3, 'conv4_choice': 1, 'kernel_size_conv4': 5, 'conv6_choice': 1, 'pool_choice': 1, '__arch__': True}",0.4169034090909091,1024344.2401991942,56518.03994893048,86355962.331858
"{'out_size_conv1': 16, 'kernel_size_conv1': 3, 'conv2_choice': 0, 'channel_multiplier': 1.5, 'kernel_size_conv2': 3, 'conv3_choice': 1, 'kernel_size_conv3': 5, 'conv4_choice': 1, 'kernel_size_conv4': 3, 'conv6_choice': 0, 'pool_choice': 1, '__arch__': True}",0.4978693181818182,1102601.4780839335,101379.46215633217,129533943.49778698
"{'out_size_conv1': 16, 'kernel_size_conv1': 3, 'conv2_choice': 0, 'channel_multiplier': 1, 'kernel_size_conv2': 5, 'conv3_choice': 0, 'kernel_size_conv3': 3, 'conv4_choice': 1, 'kernel_size_conv4': 3, 'conv6_choice': 0, 'pool_choice': 0, '__arch__': True}",0.4424715909090909,1032676.2204003944,57452.338668055134,94991558.5650438
"{'out_size_conv1': 32, 'kernel_size_conv1': 3, 'conv2_choice': 0, 'channel_multiplier': 1, 'kernel_size_conv2': 3, 'conv3_choice': 0, 'kernel_size_conv3': 3, 'conv4_choice': 1, 'kernel_size_conv4': 5, 'conv6_choice': 1, 'pool_choice': 1, '__arch__': True}",0.4659090909090909,1643271.8433242207,161386.1779499009,120898347.26460119
"{'out_size_conv1': 16, 'kernel_size_conv1': 7, 'conv2_choice': 0, 'channel_multiplier': 1, 'kernel_size_conv2': 7, 'conv3_choice': 1, 'kernel_size_conv3': 5, 'conv4_choice': 1, 'kernel_size_conv4': 3, 'conv6_choice': 0, 'pool_choice': 1, '__arch__': True}",0.3899147727272727,1057499.9193869126,66093.61459524946,94991558.56504379
"{'out_size_conv1': 16, 'kernel_size_conv1': 3, 'conv2_choice': 1, 'channel_multiplier': 1, 'kernel_size_conv2': 3, 'conv3_choice': 0, 'kernel_size_conv3': 3, 'conv4_choice': 1, 'kernel_size_conv4': 5, 'conv6_choice': 1, 'pool_choice': 1, '__arch__': True}",0.4609375,1014696.1796266525,43001.39522367241,77720366.0986722
"{'out_size_conv1': 64, 'kernel_size_conv1': 5, 'conv2_choice': 0, 'channel_multiplier': 1, 'kernel_size_conv2': 3, 'conv3_choice': 1, 'kernel_size_conv3': 5, 'conv4_choice': 1, 'kernel_size_conv4': 3, 'conv6_choice': 0, 'pool_choice': 1, '__arch__': True}",0.3515625,2659118.6192949284,478106.62268796953,207254309.5964592
"{'out_size_conv1': 16, 'kernel_size_conv1': 3, 'conv2_choice': 0, 'channel_multiplier': 1, 'kernel_size_conv2': 5, 'conv3_choice': 0, 'kernel_size_conv3': 3, 'conv4_choice': 1, 'kernel_size_conv4': 3, 'conv6_choice': 1, 'pool_choice': 0, '__arch__': True}",0.2208806818181818,1022744.2401991942,56132.33136929423,86355962.331858
"{'out_size_conv1': 16, 'kernel_size_conv1': 3, 'conv2_choice': 0, 'channel_multiplier': 2, 'kernel_size_conv2': 5, 'conv3_choice': 1, 'kernel_size_conv3': 3, 'conv4_choice': 1, 'kernel_size_conv4': 3, 'conv6_choice': 1, 'pool_choice': 0, '__arch__': True}",0.5134943181818182,1213273.817490452,131753.48047605893,138169539.73097283
"{'out_size_conv1': 64, 'kernel_size_conv1': 5, 'conv2_choice': 0, 'channel_multiplier': 1, 'kernel_size_conv2': 5, 'conv3_choice': 0, 'kernel_size_conv3': 5, 'conv4_choice': 1, 'kernel_size_conv4': 5, 'conv6_choice': 1, 'pool_choice': 0, '__arch__': True}",0.5134943181818182,2578235.049574246,405072.1331588238,155440732.19734442
"{'out_size_conv1': 16, 'kernel_size_conv1': 3, 'conv2_choice': 0, 'channel_multiplier': 1.5, 'kernel_size_conv2': 5, 'conv3_choice': 1, 'kernel_size_conv3': 3, 'conv4_choice': 1, 'kernel_size_conv4': 3, 'conv6_choice': 1, 'pool_choice': 0, '__arch__': True}",0.40269886363636365,1051877.5009156975,72159.62364805385,94991558.56504379
"{'out_size_conv1': 16, 'kernel_size_conv1': 3, 'conv2_choice': 0, 'channel_multiplier': 1, 'kernel_size_conv2': 5, 'conv3_choice': 0, 'kernel_size_conv3': 3, 'conv4_choice': 1, 'kernel_size_conv4': 3, 'conv6_choice': 1, 'pool_choice': 1, '__arch__': True}",0.4609375,1022744.2401991942,56132.33136929423,86355962.331858
"{'out_size_conv1': 16, 'kernel_size_conv1': 3, 'conv2_choice': 0, 'channel_multiplier': 1, 'kernel_size_conv2': 5, 'conv3_choice': 0, 'kernel_size_conv3': 3, 'conv4_choice': 1, 'kernel_size_conv4': 5, 'conv6_choice': 0, 'pool_choice': 0, '__arch__': True}",0.3735795454545454,1032676.2204003944,57452.338668055134,94991558.5650438
"{'out_size_conv1': 16, 'kernel_size_conv1': 3, 'conv2_choice': 0, 'channel_multiplier': 1, 'kernel_size_conv2': 5, 'conv3_choice': 0, 'kernel_size_conv3': 3, 'conv4_choice': 1, 'kernel_size_conv4': 5, 'conv6_choice': 0, 'pool_choice': 1, '__arch__': True}",0.3643465909090909,1032676.2204003944,57452.338668055134,94991558.5650438
"{'out_size_conv1': 16, 'kernel_size_conv1': 3, 'conv2_choice': 0, 'channel_multiplier': 1, 'kernel_size_conv2': 5, 'conv3_choice': 0, 'kernel_size_conv3': 3, 'conv4_choice': 1, 'kernel_size_conv4': 5, 'conv6_choice': 1, 'pool_choice': 0, '__arch__': True}",0.2762784090909091,1022744.2401991942,56132.33136929423,86355962.331858
"{'out_size_conv1': 16, 'kernel_size_conv1': 3, 'conv2_choice': 0, 'channel_multiplier': 1, 'kernel_size_conv2': 5, 'conv3_choice': 0, 'kernel_size_conv3': 3, 'conv4_choice': 1, 'kernel_size_conv4': 5, 'conv6_choice': 1, 'pool_choice': 1, '__arch__': True}",0.4041193181818182,1022744.2401991942,56132.33136929423,86355962.331858
"{'out_size_conv1': 16, 'kernel_size_conv1': 3, 'conv2_choice': 0, 'channel_multiplier': 1, 'kernel_size_conv2': 5, 'conv3_choice': 0, 'kernel_size_conv3': 5, 'conv4_choice': 0, 'kernel_size_conv4': 3, 'conv6_choice': 0, 'pool_choice': 0, '__arch__': True}",0.3075284090909091,1049896.344762555,62638.390135098736,103627154.7982296
"{'out_size_conv1': 16, 'kernel_size_conv1': 3, 'conv2_choice': 0, 'channel_multiplier': 1, 'kernel_size_conv2': 5, 'conv3_choice': 0, 'kernel_size_conv3': 5, 'conv4_choice': 0, 'kernel_size_conv4': 3, 'conv6_choice': 0, 'pool_choice': 1, '__arch__': True}",0.4453125,1049896.344762555,62638.390135098736,103627154.7982296
"{'out_size_conv1': 16, 'kernel_size_conv1': 3, 'conv2_choice': 0, 'channel_multiplier': 1, 'kernel_size_conv2': 5, 'conv3_choice': 0, 'kernel_size_conv3': 5, 'conv4_choice': 0, 'kernel_size_conv4': 3, 'conv6_choice': 1, 'pool_choice': 0, '__arch__': True}",0.359375,1039964.3645613552,61318.38283633784,94991558.5650438
"{'out_size_conv1': 16, 'kernel_size_conv1': 3, 'conv2_choice': 0, 'channel_multiplier': 1, 'kernel_size_conv2': 5, 'conv3_choice': 0, 'kernel_size_conv3': 5, 'conv4_choice': 0, 'kernel_size_conv4': 3, 'conv6_choice': 1, 'pool_choice': 1, '__arch__': True}",0.2336647727272727,1039964.3645613552,61318.38283633784,94991558.5650438
"{'out_size_conv1': 16, 'kernel_size_conv1': 3, 'conv2_choice': 0, 'channel_multiplier': 1, 'kernel_size_conv2': 5, 'conv3_choice': 0, 'kernel_size_conv3': 5, 'conv4_choice': 1, 'kernel_size_conv4': 3, 'conv6_choice': 1, 'pool_choice': 1, '__arch__': True}",0.4289772727272727,1022744.2401991942,56132.33136929423,86355962.331858
"{'out_size_conv1': 16, 'kernel_size_conv1': 3, 'conv2_choice': 0, 'channel_multiplier': 1, 'kernel_size_conv2': 5, 'conv3_choice': 0, 'kernel_size_conv3': 5, 'conv4_choice': 0, 'kernel_size_conv4': 5, 'conv6_choice': 0, 'pool_choice': 0, '__arch__': True}",0.3586647727272727,1069842.1511045946,68014.26640163906,112262751.0314154
"{'out_size_conv1': 16, 'kernel_size_conv1': 3, 'conv2_choice': 0, 'channel_multiplier': 1, 'kernel_size_conv2': 5, 'conv3_choice': 0, 'kernel_size_conv3': 5, 'conv4_choice': 0, 'kernel_size_conv4': 5, 'conv6_choice': 0, 'pool_choice': 1, '__arch__': True}",0.4588068181818182,1069842.1511045946,68014.26640163906,112262751.0314154
"{'out_size_conv1': 16, 'kernel_size_conv1': 3, 'conv2_choice': 0, 'channel_multiplier': 1, 'kernel_size_conv2': 5, 'conv3_choice': 0, 'kernel_size_conv3': 5, 'conv4_choice': 0, 'kernel_size_conv4': 5, 'conv6_choice': 1, 'pool_choice': 0, '__arch__': True}",0.3245738636363636,1059910.1709033942,66694.25910287816,103627154.7982296
"{'out_size_conv1': 16, 'kernel_size_conv1': 3, 'conv2_choice': 0, 'channel_multiplier': 1, 'kernel_size_conv2': 5, 'conv3_choice': 0, 'kernel_size_conv3': 5, 'conv4_choice': 0, 'kernel_size_conv4': 5, 'conv6_choice': 1, 'pool_choice': 1, '__arch__': True}",0.4240056818181818,1059910.1709033942,66694.25910287816,103627154.7982296
"{'out_size_conv1': 16, 'kernel_size_conv1': 3, 'conv2_choice': 0, 'channel_multiplier': 1, 'kernel_size_conv2': 5, 'conv3_choice': 0, 'kernel_size_conv3': 5, 'conv4_choice': 1, 'kernel_size_conv4': 3, 'conv6_choice': 0, 'pool_choice': 0, '__arch__': True}",0.3629261363636363,1032676.2204003944,57452.338668055134,94991558.5650438
"{'out_size_conv1': 16, 'kernel_size_conv1': 3, 'conv2_choice': 0, 'channel_multiplier': 1, 'kernel_size_conv2': 5, 'conv3_choice': 0, 'kernel_size_conv3': 5, 'conv4_choice': 1, 'kernel_size_conv4': 3, 'conv6_choice': 1, 'pool_choice': 0, '__arch__': True}",0.2911931818181818,1022744.2401991942,56132.33136929423,86355962.331858
"{'out_size_conv1': 16, 'kernel_size_conv1': 3, 'conv2_choice': 0, 'channel_multiplier': 1, 'kernel_size_conv2': 5, 'conv3_choice': 0, 'kernel_size_conv3': 5, 'conv4_choice': 1, 'kernel_size_conv4': 5, 'conv6_choice': 0, 'pool_choice': 0, '__arch__': True}",0.3657670454545454,1032676.2204003944,57452.338668055134,94991558.5650438
"{'out_size_conv1': 16, 'kernel_size_conv1': 3, 'conv2_choice': 0, 'channel_multiplier': 1, 'kernel_size_conv2': 5, 'conv3_choice': 0, 'kernel_size_conv3': 5, 'conv4_choice': 1, 'kernel_size_conv4': 5, 'conv6_choice': 0, 'pool_choice': 1, '__arch__': True}",0.4204545454545454,1032676.2204003944,57452.338668055134,94991558.5650438
"{'out_size_conv1': 16, 'kernel_size_conv1': 3, 'conv2_choice': 0, 'channel_multiplier': 1, 'kernel_size_conv2': 5, 'conv3_choice': 0, 'kernel_size_conv3': 5, 'conv4_choice': 1, 'kernel_size_conv4': 5, 'conv6_choice': 1, 'pool_choice': 0, '__arch__': True}",0.4438920454545454,1022744.2401991942,56132.33136929423,86355962.331858
"{'out_size_conv1': 16, 'kernel_size_conv1': 3, 'conv2_choice': 0, 'channel_multiplier': 1, 'kernel_size_conv2': 5, 'conv3_choice': 0, 'kernel_size_conv3': 5, 'conv4_choice': 1, 'kernel_size_conv4': 5, 'conv6_choice': 1, 'pool_choice': 1, '__arch__': True}",0.4090909090909091,1022744.2401991942,56132.33136929423,86355962.331858
"{'out_size_conv1': 16, 'kernel_size_conv1': 3, 'conv2_choice': 0, 'channel_multiplier': 1, 'kernel_size_conv2': 5, 'conv3_choice': 1, 'kernel_size_conv3': 3, 'conv4_choice': 0, 'kernel_size_conv4': 3, 'conv6_choice': 0, 'pool_choice': 0, '__arch__': True}",0.453125,1049213.8841899952,59355.65609869328,94991558.5650438
"{'out_size_conv1': 16, 'kernel_size_conv1': 3, 'conv2_choice': 0, 'channel_multiplier': 1, 'kernel_size_conv2': 5, 'conv3_choice': 1, 'kernel_size_conv3': 3, 'conv4_choice': 0, 'kernel_size_conv4': 3, 'conv6_choice': 0, 'pool_choice': 1, '__arch__': True}",0.4161931818181818,1049213.8841899952,59355.65609869328,94991558.5650438
"{'out_size_conv1': 16, 'kernel_size_conv1': 3, 'conv2_choice': 0, 'channel_multiplier': 1, 'kernel_size_conv2': 5, 'conv3_choice': 1, 'kernel_size_conv3': 3, 'conv4_choice': 0, 'kernel_size_conv4': 3, 'conv6_choice': 1, 'pool_choice': 0, '__arch__': True}",0.3700284090909091,1039281.9039887954,58035.64879993238,86355962.331858
"{'out_size_conv1': 16, 'kernel_size_conv1': 3, 'conv2_choice': 0, 'channel_multiplier': 1, 'kernel_size_conv2': 5, 'conv3_choice': 1, 'kernel_size_conv3': 3, 'conv4_choice': 0, 'kernel_size_conv4': 3, 'conv6_choice': 1, 'pool_choice': 1, '__arch__': True}",0.3991477272727273,1039281.9039887954,58035.64879993238,86355962.331858
"{'out_size_conv1': 16, 'kernel_size_conv1': 3, 'conv2_choice': 0, 'channel_multiplier': 1, 'kernel_size_conv2': 5, 'conv3_choice': 1, 'kernel_size_conv3': 3, 'conv4_choice': 0, 'kernel_size_conv4': 5, 'conv6_choice': 0, 'pool_choice': 0, '__arch__': True}",0.3380681818181818,1068048.490532036,64731.5323652336,103627154.7982296
"{'out_size_conv1': 16, 'kernel_size_conv1': 3, 'conv2_choice': 0, 'channel_multiplier': 1, 'kernel_size_conv2': 5, 'conv3_choice': 1, 'kernel_size_conv3': 3, 'conv4_choice': 0, 'kernel_size_conv4': 5, 'conv6_choice': 0, 'pool_choice': 1, '__arch__': True}",0.25,1068048.490532036,64731.5323652336,103627154.7982296
"{'out_size_conv1': 16, 'kernel_size_conv1': 3, 'conv2_choice': 0, 'channel_multiplier': 1, 'kernel_size_conv2': 5, 'conv3_choice': 1, 'kernel_size_conv3': 3, 'conv4_choice': 0, 'kernel_size_conv4': 5, 'conv6_choice': 1, 'pool_choice': 0, '__arch__': True}",0.3955965909090909,1058116.5103308358,63411.5250664727,94991558.5650438
"{'out_size_conv1': 16, 'kernel_size_conv1': 7, 'conv2_choice': 0, 'channel_multiplier': 1, 'kernel_size_conv2': 5, 'conv3_choice': 0, 'kernel_size_conv3': 5, 'conv4_choice': 1, 'kernel_size_conv4': 3, 'conv6_choice': 1, 'pool_choice': 1, '__arch__': True}",0.3352272727272727,1030620.1934162341,62680.46506635368,86355962.331858
"{'out_size_conv1': 16, 'kernel_size_conv1': 3, 'conv2_choice': 0, 'channel_multiplier': 1, 'kernel_size_conv2': 5, 'conv3_choice': 1, 'kernel_size_conv3': 3, 'conv4_choice': 0, 'kernel_size_conv4': 5, 'conv6_choice': 1, 'pool_choice': 1, '__arch__': True}",0.4786931818181818,1058116.5103308358,63411.5250664727,94991558.5650438
"{'out_size_conv1': 32, 'kernel_size_conv1': 3, 'conv2_choice': 0, 'channel_multiplier': 1, 'kernel_size_conv2': 5, 'conv3_choice': 0, 'kernel_size_conv3': 5, 'conv4_choice': 1, 'kernel_size_conv4': 3, 'conv6_choice': 1, 'pool_choice': 1, '__arch__': True}",0.4765625,1643271.8433242207,161386.1779499009,120898347.26460119
"{'out_size_conv1': 16, 'kernel_size_conv1': 3, 'conv2_choice': 0, 'channel_multiplier': 1, 'kernel_size_conv2': 5, 'conv3_choice': 1, 'kernel_size_conv3': 3, 'conv4_choice': 1, 'kernel_size_conv4': 3, 'conv6_choice': 0, 'pool_choice': 0, '__arch__': True}",0.3835227272727273,1031871.3598278352,54169.60463164968,86355962.331858
"{'out_size_conv1': 16, 'kernel_size_conv1': 3, 'conv2_choice': 0, 'channel_multiplier': 1, 'kernel_size_conv2': 5, 'conv3_choice': 1, 'kernel_size_conv3': 3, 'conv4_choice': 1, 'kernel_size_conv4': 3, 'conv6_choice': 0, 'pool_choice': 1, '__arch__': True}",0.35511363636363635,1031871.3598278351,54169.60463164968,86355962.331858
"{'out_size_conv1': 16, 'kernel_size_conv1': 3, 'conv2_choice': 0, 'channel_multiplier': 1, 'kernel_size_conv2': 5, 'conv3_choice': 1, 'kernel_size_conv3': 3, 'conv4_choice': 1, 'kernel_size_conv4': 3, 'conv6_choice': 1, 'pool_choice': 0, '__arch__': True}",0.35511363636363635,1021939.379626635,52849.59733288878,77720366.0986722
"{'out_size_conv1': 16, 'kernel_size_conv1': 3, 'conv2_choice': 0, 'channel_multiplier': 1, 'kernel_size_conv2': 5, 'conv3_choice': 1, 'kernel_size_conv3': 3, 'conv4_choice': 1, 'kernel_size_conv4': 3, 'conv6_choice': 1, 'pool_choice': 1, '__arch__': True}",0.48011363636363635,1021939.379626635,52849.59733288878,77720366.0986722
"{'out_size_conv1': 16, 'kernel_size_conv1': 7, 'conv2_choice': 1, 'channel_multiplier': 1, 'kernel_size_conv2': 5, 'conv3_choice': 0, 'kernel_size_conv3': 5, 'conv4_choice': 1, 'kernel_size_conv4': 3, 'conv6_choice': 1, 'pool_choice': 1, '__arch__': True}",0.3778409090909091,1092739.827507628,70549.04400689315,86355962.331858
"{'out_size_conv1': 16, 'kernel_size_conv1': 7, 'conv2_choice': 0, 'channel_multiplier': 1.5, 'kernel_size_conv2': 5, 'conv3_choice': 0, 'kernel_size_conv3': 5, 'conv4_choice': 1, 'kernel_size_conv4': 3, 'conv6_choice': 1, 'pool_choice': 1, '__arch__': True}",0.25923295454545453,1056028.226424046,82463.9541674331,103627154.79822959
"{'out_size_conv1': 16, 'kernel_size_conv1': 3, 'conv2_choice': 0, 'channel_multiplier': 1, 'kernel_size_conv2': 5, 'conv3_choice': 1, 'kernel_size_conv3': 3, 'conv4_choice': 1, 'kernel_size_conv4': 5, 'conv6_choice': 0, 'pool_choice': 0, '__arch__': True}",0.421875,1031871.3598278351,54169.60463164968,86355962.331858
"{'out_size_conv1': 16, 'kernel_size_conv1': 3, 'conv2_choice': 0, 'channel_multiplier': 1, 'kernel_size_conv2': 5, 'conv3_choice': 1, 'kernel_size_conv3': 3, 'conv4_choice': 1, 'kernel_size_conv4': 5, 'conv6_choice': 0, 'pool_choice': 1, '__arch__': True}",0.3671875,1031871.3598278351,54169.60463164968,86355962.331858
"{'out_size_conv1': 64, 'kernel_size_conv1': 7, 'conv2_choice': 0, 'channel_multiplier': 1.5, 'kernel_size_conv2': 5, 'conv3_choice': 0, 'kernel_size_conv3': 5, 'conv4_choice': 1, 'kernel_size_conv4': 3, 'conv6_choice': 1, 'pool_choice': 1, '__arch__': True}",0.5603693181818182,3149361.5501788124,699493.6169189127,310881464.3946888
"{'out_size_conv1': 16, 'kernel_size_conv1': 5, 'conv2_choice': 0, 'channel_multiplier': 2, 'kernel_size_conv2': 5, 'conv3_choice': 0, 'kernel_size_conv3': 5, 'conv4_choice': 1, 'kernel_size_conv4': 3, 'conv6_choice': 1, 'pool_choice': 1, '__arch__': True}",0.4630681818181818,1207888.904579487,126909.9521793666,146805135.96415862
"{'out_size_conv1': 32, 'kernel_size_conv1': 3, 'conv2_choice': 1, 'channel_multiplier': 1, 'kernel_size_conv2': 5, 'conv3_choice': 0, 'kernel_size_conv3': 5, 'conv4_choice': 1, 'kernel_size_conv4': 3, 'conv6_choice': 1, 'pool_choice': 1, '__arch__': True}",0.5255681818181818,1601125.4816461094,208202.79009907568,129533943.49778698
"{'out_size_conv1': 16, 'kernel_size_conv1': 3, 'conv2_choice': 0, 'channel_multiplier': 1, 'kernel_size_conv2': 7, 'conv3_choice': 0, 'kernel_size_conv3': 5, 'conv4_choice': 1, 'kernel_size_conv4': 3, 'conv6_choice': 1, 'pool_choice': 1, '__arch__': True}",0.35298295454545453,1022744.2401991942,56132.33136929423,86355962.331858
"{'out_size_conv1': 16, 'kernel_size_conv1': 3, 'conv2_choice': 0, 'channel_multiplier': 1, 'kernel_size_conv2': 5, 'conv3_choice': 1, 'kernel_size_conv3': 3, 'conv4_choice': 1, 'kernel_size_conv4': 5, 'conv6_choice': 1, 'pool_choice': 0, '__arch__': True}",0.3146306818181818,1021939.379626635,52849.59733288878,77720366.0986722
"{'out_size_conv1': 16, 'kernel_size_conv1': 3, 'conv2_choice': 0, 'channel_multiplier': 1, 'kernel_size_conv2': 5, 'conv3_choice': 1, 'kernel_size_conv3': 3, 'conv4_choice': 1, 'kernel_size_conv4': 5, 'conv6_choice': 1, 'pool_choice': 1, '__arch__': True}",0.3366477272727273,1021939.379626635,52849.59733288878,77720366.0986722
"{'out_size_conv1': 16, 'kernel_size_conv1': 3, 'conv2_choice': 0, 'channel_multiplier': 1, 'kernel_size_conv2': 5, 'conv3_choice': 1, 'kernel_size_conv3': 5, 'conv4_choice': 0, 'kernel_size_conv4': 3, 'conv6_choice': 0, 'pool_choice': 0, '__arch__': True}",0.4211647727272727,1066869.690532036,64731.5323652336,103627154.79822959
"{'out_size_conv1': 16, 'kernel_size_conv1': 3, 'conv2_choice': 0, 'channel_multiplier': 1, 'kernel_size_conv2': 5, 'conv3_choice': 1, 'kernel_size_conv3': 5, 'conv4_choice': 0, 'kernel_size_conv4': 3, 'conv6_choice': 0, 'pool_choice': 1, '__arch__': True}",0.44957386363636365,1066869.690532036,64731.5323652336,103627154.79822959
"{'out_size_conv1': 16, 'kernel_size_conv1': 3, 'conv2_choice': 0, 'channel_multiplier': 1, 'kernel_size_conv2': 5, 'conv3_choice': 1, 'kernel_size_conv3': 5, 'conv4_choice': 0, 'kernel_size_conv4': 3, 'conv6_choice': 1, 'pool_choice': 0, '__arch__': True}",0.37357954545454547,1056937.7103308355,63411.5250664727,94991558.56504379
"{'out_size_conv1': 16, 'kernel_size_conv1': 5, 'conv2_choice': 0, 'channel_multiplier': 1, 'kernel_size_conv2': 7, 'conv3_choice': 0, 'kernel_size_conv3': 5, 'conv4_choice': 1, 'kernel_size_conv4': 3, 'conv6_choice': 1, 'pool_choice': 1, '__arch__': True}",0.40767045454545453,1024344.2401991942,56518.039948930484,86355962.331858
"{'out_size_conv1': 16, 'kernel_size_conv1': 3, 'conv2_choice': 0, 'channel_multiplier': 1.5, 'kernel_size_conv2': 7, 'conv3_choice': 0, 'kernel_size_conv3': 5, 'conv4_choice': 1, 'kernel_size_conv4': 3, 'conv6_choice': 1, 'pool_choice': 1, '__arch__': True}",0.32457386363636365,1048152.2732070064,75915.82047037364,103627154.79822959
"{'out_size_conv1': 16, 'kernel_size_conv1': 3, 'conv2_choice': 0, 'channel_multiplier': 1, 'kernel_size_conv2': 5, 'conv3_choice': 1, 'kernel_size_conv3': 5, 'conv4_choice': 0, 'kernel_size_conv4': 3, 'conv6_choice': 1, 'pool_choice': 1, '__arch__': True}",0.44105113636363635,1056937.7103308355,63411.5250664727,94991558.56504379
"{'out_size_conv1': 64, 'kernel_size_conv1': 7, 'conv2_choice': 0, 'channel_multiplier': 2, 'kernel_size_conv2': 7, 'conv3_choice': 0, 'kernel_size_conv3': 5, 'conv4_choice': 1, 'kernel_size_conv4': 3, 'conv6_choice': 1, 'pool_choice': 1, '__arch__': True}",0.43323863636363635,4057382.5126788253,1379197.1447387093,975822374.3499953
"{'out_size_conv1': 16, 'kernel_size_conv1': 3, 'conv2_choice': 1, 'channel_multiplier': 1, 'kernel_size_conv2': 5, 'conv3_choice': 0, 'kernel_size_conv3': 5, 'conv4_choice': 1, 'kernel_size_conv4': 3, 'conv6_choice': 1, 'pool_choice': 1, '__arch__': True}",0.2521306818181818,1078218.9785211072,64000.91030983369,86355962.331858
"{'out_size_conv1': 16, 'kernel_size_conv1': 3, 'conv2_choice': 1, 'channel_multiplier': 1.5, 'kernel_size_conv2': 5, 'conv3_choice': 0, 'kernel_size_conv3': 5, 'conv4_choice': 1, 'kernel_size_conv4': 3, 'conv6_choice': 1, 'pool_choice': 1, '__arch__': True}",0.38707386363636365,1321030.5099664256,95566.54827273397,103627154.79822959
"{'out_size_conv1': 16, 'kernel_size_conv1': 3, 'conv2_choice': 0, 'channel_multiplier': 1, 'kernel_size_conv2': 5, 'conv3_choice': 1, 'kernel_size_conv3': 5, 'conv4_choice': 0, 'kernel_size_conv4': 5, 'conv6_choice': 0, 'pool_choice': 0, '__arch__': True}",0.4318181818181818,1087040.6968740725,70107.40863177393,112262751.03141539
"{'out_size_conv1': 16, 'kernel_size_conv1': 3, 'conv2_choice': 0, 'channel_multiplier': 1, 'kernel_size_conv2': 5, 'conv3_choice': 1, 'kernel_size_conv3': 5, 'conv4_choice': 0, 'kernel_size_conv4': 5, 'conv6_choice': 0, 'pool_choice': 1, '__arch__': True}",0.32954545454545453,1087040.6968740725,70107.40863177393,112262751.03141539
"{'out_size_conv1': 32, 'kernel_size_conv1': 3, 'conv2_choice': 0, 'channel_multiplier': 1, 'kernel_size_conv2': 7, 'conv3_choice': 0, 'kernel_size_conv3': 5, 'conv4_choice': 1, 'kernel_size_conv4': 3, 'conv6_choice': 1, 'pool_choice': 1, '__arch__': True}",0.4367897727272727,1643271.8433242207,161386.1779499009,120898347.26460119
"{'out_size_conv1': 16, 'kernel_size_conv1': 5, 'conv2_choice': 0, 'channel_multiplier': 1, 'kernel_size_conv2': 5, 'conv3_choice': 0, 'kernel_size_conv3': 5, 'conv4_choice': 1, 'kernel_size_conv4': 3, 'conv6_choice': 1, 'pool_choice': 1, '__arch__': True}",0.2911931818181818,1024344.2401991942,56518.039948930484,86355962.331858
"{'out_size_conv1': 16, 'kernel_size_conv1': 3, 'conv2_choice': 0, 'channel_multiplier': 1, 'kernel_size_conv2': 5, 'conv3_choice': 1, 'kernel_size_conv3': 5, 'conv4_choice': 0, 'kernel_size_conv4': 5, 'conv6_choice': 1, 'pool_choice': 0, '__arch__': True}",0.40625,1077108.7166728724,68787.40133301303,103627154.79822959
"{'out_size_conv1': 16, 'kernel_size_conv1': 5, 'conv2_choice': 1, 'channel_multiplier': 1.5, 'kernel_size_conv2': 5, 'conv3_choice': 0, 'kernel_size_conv3': 5, 'conv4_choice': 1, 'kernel_size_conv4': 3, 'conv6_choice': 1, 'pool_choice': 1, '__arch__': True}",0.36079545454545453,1323430.5099664256,95952.25685237022,103627154.79822959
"{'out_size_conv1': 16, 'kernel_size_conv1': 3, 'conv2_choice': 0, 'channel_multiplier': 1, 'kernel_size_conv2': 5, 'conv3_choice': 1, 'kernel_size_conv3': 5, 'conv4_choice': 0, 'kernel_size_conv4': 5, 'conv6_choice': 1, 'pool_choice': 1, '__arch__': True}",0.3181818181818182,1077108.7166728724,68787.40133301303,103627154.79822959
"{'out_size_conv1': 16, 'kernel_size_conv1': 3, 'conv2_choice': 0, 'channel_multiplier': 1, 'kernel_size_conv2': 5, 'conv3_choice': 1, 'kernel_size_conv3': 5, 'conv4_choice': 1, 'kernel_size_conv4': 3, 'conv6_choice': 0, 'pool_choice': 0, '__arch__': True}",0.4502840909090909,1049623.966169873,59545.48089819,94991558.56504379
"{'out_size_conv1': 64, 'kernel_size_conv1': 7, 'conv2_choice': 0, 'channel_multiplier': 2, 'kernel_size_conv2': 5, 'conv3_choice': 0, 'kernel_size_conv3': 5, 'conv4_choice': 1, 'kernel_size_conv4': 3, 'conv6_choice': 1, 'pool_choice': 1, '__arch__': True}",0.5035511363636364,4057382.5126788253,1379197.1447387093,975822374.3499953
"{'out_size_conv1': 16, 'kernel_size_conv1': 3, 'conv2_choice': 1, 'channel_multiplier': 1, 'kernel_size_conv2': 7, 'conv3_choice': 0, 'kernel_size_conv3': 5, 'conv4_choice': 1, 'kernel_size_conv4': 3, 'conv6_choice': 1, 'pool_choice': 1, '__arch__': True}",0.3721590909090909,1048076.9774156124,100718.24342262432,103627154.7982296
"{'out_size_conv1': 16, 'kernel_size_conv1': 3, 'conv2_choice': 0, 'channel_multiplier': 1, 'kernel_size_conv2': 5, 'conv3_choice': 1, 'kernel_size_conv3': 5, 'conv4_choice': 1, 'kernel_size_conv4': 3, 'conv6_choice': 0, 'pool_choice': 1, '__arch__': True}",0.44673295454545453,1049623.966169873,59545.48089819,94991558.56504379
"{'out_size_conv1': 32, 'kernel_size_conv1': 5, 'conv2_choice': 0, 'channel_multiplier': 1.5, 'kernel_size_conv2': 7, 'conv3_choice': 0, 'kernel_size_conv3': 5, 'conv4_choice': 1, 'kernel_size_conv4': 3, 'conv6_choice': 1, 'pool_choice': 1, '__arch__': True}",0.3828125,1696646.7062822592,211839.37888987822,146805135.96415862
"{'out_size_conv1': 16, 'kernel_size_conv1': 3, 'conv2_choice': 0, 'channel_multiplier': 1, 'kernel_size_conv2': 5, 'conv3_choice': 1, 'kernel_size_conv3': 5, 'conv4_choice': 1, 'kernel_size_conv4': 3, 'conv6_choice': 1, 'pool_choice': 0, '__arch__': True}",0.3899147727272727,1039691.985968673,58225.4735994291,86355962.331858
"{'out_size_conv1': 16, 'kernel_size_conv1': 3, 'conv2_choice': 0, 'channel_multiplier': 1, 'kernel_size_conv2': 5, 'conv3_choice': 1, 'kernel_size_conv3': 5, 'conv4_choice': 1, 'kernel_size_conv4': 3, 'conv6_choice': 1, 'pool_choice': 1, '__arch__': True}",0.3771306818181818,1039691.985968673,58225.4735994291,86355962.331858
"{'out_size_conv1': 16, 'kernel_size_conv1': 3, 'conv2_choice': 0, 'channel_multiplier': 1, 'kernel_size_conv2': 5, 'conv3_choice': 1, 'kernel_size_conv3': 5, 'conv4_choice': 1, 'kernel_size_conv4': 5, 'conv6_choice': 0, 'pool_choice': 0, '__arch__': True}",0.28125,1049623.966169873,59545.48089819,94991558.56504379
"{'out_size_conv1': 16, 'kernel_size_conv1': 3, 'conv2_choice': 0, 'channel_multiplier': 1, 'kernel_size_conv2': 5, 'conv3_choice': 1, 'kernel_size_conv3': 5, 'conv4_choice': 1, 'kernel_size_conv4': 5, 'conv6_choice': 0, 'pool_choice': 1, '__arch__': True}",0.37357954545454547,1049623.966169873,59545.48089819,94991558.56504379
"{'out_size_conv1': 16, 'kernel_size_conv1': 5, 'conv2_choice': 1, 'channel_multiplier': 1, 'kernel_size_conv2': 7, 'conv3_choice': 0, 'kernel_size_conv3': 5, 'conv4_choice': 1, 'kernel_size_conv4': 3, 'conv6_choice': 1, 'pool_choice': 1, '__arch__': True}",0.40198863636363635,1051276.977415612,101103.95200226057,103627154.79822959
"{'out_size_conv1': 16, 'kernel_size_conv1': 3, 'conv2_choice': 0, 'channel_multiplier': 1, 'kernel_size_conv2': 5, 'conv3_choice': 1, 'kernel_size_conv3': 5, 'conv4_choice': 1, 'kernel_size_conv4': 5, 'conv6_choice': 1, 'pool_choice': 0, '__arch__': True}",0.42329545454545453,1039691.985968673,58225.4735994291,86355962.331858
"{'out_size_conv1': 32, 'kernel_size_conv1': 3, 'conv2_choice': 0, 'channel_multiplier': 1.5, 'kernel_size_conv2': 3, 'conv3_choice': 0, 'kernel_size_conv3': 3, 'conv4_choice': 1, 'kernel_size_conv4': 3, 'conv6_choice': 1, 'pool_choice': 1, '__arch__': True}",0.5234375,1695046.7062822592,211446.89267551654,146805135.96415862
"{'out_size_conv1': 16, 'kernel_size_conv1': 3, 'conv2_choice': 0, 'channel_multiplier': 1, 'kernel_size_conv2': 5, 'conv3_choice': 1, 'kernel_size_conv3': 5, 'conv4_choice': 1, 'kernel_size_conv4': 5, 'conv6_choice': 1, 'pool_choice': 1, '__arch__': True}",0.32954545454545453,1039691.985968673,58225.4735994291,86355962.331858
"{'out_size_conv1': 16, 'kernel_size_conv1': 3, 'conv2_choice': 0, 'channel_multiplier': 1, 'kernel_size_conv2': 7, 'conv3_choice': 0, 'kernel_size_conv3': 3, 'conv4_choice': 0, 'kernel_size_conv4': 3, 'conv6_choice': 0, 'pool_choice': 0, '__arch__': True}",0.2883522727272727,1049896.344762555,62638.390135098736,103627154.79822959
"{'out_size_conv1': 16, 'kernel_size_conv1': 3, 'conv2_choice': 0, 'channel_multiplier': 1, 'kernel_size_conv2': 7, 'conv3_choice': 0, 'kernel_size_conv3': 3, 'conv4_choice': 0, 'kernel_size_conv4': 3, 'conv6_choice': 0, 'pool_choice': 1, '__arch__': True}",0.4424715909090909,1049896.344762555,62638.390135098736,103627154.79822959
"{'out_size_conv1': 64, 'kernel_size_conv1': 7, 'conv2_choice': 1, 'channel_multiplier': 2, 'kernel_size_conv2': 5, 'conv3_choice': 0, 'kernel_size_conv3': 5, 'conv4_choice': 1, 'kernel_size_conv4': 3, 'conv6_choice': 1, 'pool_choice': 1, '__arch__': True}",0.4815340909090909,5147350.2156241415,2051789.5986280625,1001729163.0495527
"{'out_size_conv1': 16, 'kernel_size_conv1': 3, 'conv2_choice': 0, 'channel_multiplier': 1, 'kernel_size_conv2': 7, 'conv3_choice': 0, 'kernel_size_conv3': 3, 'conv4_choice': 0, 'kernel_size_conv4': 3, 'conv6_choice': 1, 'pool_choice': 0, '__arch__': True}",0.4225852272727273,1039964.3645613553,61318.382836337834,94991558.56504379
"{'out_size_conv1': 16, 'kernel_size_conv1': 5, 'conv2_choice': 0, 'channel_multiplier': 1, 'kernel_size_conv2': 3, 'conv3_choice': 0, 'kernel_size_conv3': 5, 'conv4_choice': 1, 'kernel_size_conv4': 3, 'conv6_choice': 1, 'pool_choice': 1, '__arch__': True}",0.2627840909090909,1024344.2401991942,56518.039948930484,86355962.331858
"{'out_size_conv1': 16, 'kernel_size_conv1': 3, 'conv2_choice': 0, 'channel_multiplier': 1, 'kernel_size_conv2': 7, 'conv3_choice': 0, 'kernel_size_conv3': 3, 'conv4_choice': 0, 'kernel_size_conv4': 5, 'conv6_choice': 0, 'pool_choice': 0, '__arch__': True}",0.39488636363636365,1069842.1511045946,68014.26640163906,112262751.03141539
"{'out_size_conv1': 16, 'kernel_size_conv1': 3, 'conv2_choice': 0, 'channel_multiplier': 1, 'kernel_size_conv2': 7, 'conv3_choice': 0, 'kernel_size_conv3': 3, 'conv4_choice': 0, 'kernel_size_conv4': 5, 'conv6_choice': 0, 'pool_choice': 1, '__arch__': True}",0.39488636363636365,1069842.1511045946,68014.26640163906,112262751.03141539
"{'out_size_conv1': 16, 'kernel_size_conv1': 3, 'conv2_choice': 0, 'channel_multiplier': 1, 'kernel_size_conv2': 7, 'conv3_choice': 0, 'kernel_size_conv3': 3, 'conv4_choice': 0, 'kernel_size_conv4': 5, 'conv6_choice': 1, 'pool_choice': 0, '__arch__': True}",0.359375,1059910.1709033942,66694.25910287816,103627154.79822959
"{'out_size_conv1': 16, 'kernel_size_conv1': 3, 'conv2_choice': 0, 'channel_multiplier': 1, 'kernel_size_conv2': 7, 'conv3_choice': 0, 'kernel_size_conv3': 3, 'conv4_choice': 0, 'kernel_size_conv4': 5, 'conv6_choice': 1, 'pool_choice': 1, '__arch__': True}",0.44105113636363635,1059910.1709033942,66694.25910287816,103627154.79822959
"{'out_size_conv1': 32, 'kernel_size_conv1': 5, 'conv2_choice': 0, 'channel_multiplier': 1, 'kernel_size_conv2': 3, 'conv3_choice': 0, 'kernel_size_conv3': 5, 'conv4_choice': 1, 'kernel_size_conv4': 3, 'conv6_choice': 1, 'pool_choice': 1, '__arch__': True}",0.4588068181818182,1644871.8433242207,161778.6641642626,120898347.2646012
"{'out_size_conv1': 16, 'kernel_size_conv1': 3, 'conv2_choice': 0, 'channel_multiplier': 1, 'kernel_size_conv2': 7, 'conv3_choice': 0, 'kernel_size_conv3': 3, 'conv4_choice': 1, 'kernel_size_conv4': 3, 'conv6_choice': 0, 'pool_choice': 0, '__arch__': True}",0.2634943181818182,1032676.2204003943,57452.338668055134,94991558.56504379
"{'out_size_conv1': 16, 'kernel_size_conv1': 7, 'conv2_choice': 1, 'channel_multiplier': 1.5, 'kernel_size_conv2': 5, 'conv3_choice': 0, 'kernel_size_conv3': 5, 'conv4_choice': 1, 'kernel_size_conv4': 3, 'conv6_choice': 1, 'pool_choice': 1, '__arch__': True}",0.4786931818181818,1335551.3589529456,102114.68196979341,103627154.79822959
"{'out_size_conv1': 16, 'kernel_size_conv1': 3, 'conv2_choice': 0, 'channel_multiplier': 1, 'kernel_size_conv2': 7, 'conv3_choice': 0, 'kernel_size_conv3': 3, 'conv4_choice': 1, 'kernel_size_conv4': 3, 'conv6_choice': 0, 'pool_choice': 1, '__arch__': True}",0.4041193181818182,1032676.2204003943,57452.338668055134,94991558.56504379
"{'out_size_conv1': 64, 'kernel_size_conv1': 3, 'conv2_choice': 0, 'channel_multiplier': 1, 'kernel_size_conv2': 3, 'conv3_choice': 0, 'kernel_size_conv3': 5, 'conv4_choice': 1, 'kernel_size_conv4': 3, 'conv6_choice': 1, 'pool_choice': 1, '__arch__': True}",0.5248579545454546,2576635.0495742457,404666.0916750113,155440732.19734442
"{'out_size_conv1': 16, 'kernel_size_conv1': 3, 'conv2_choice': 0, 'channel_multiplier': 1, 'kernel_size_conv2': 7, 'conv3_choice': 0, 'kernel_size_conv3': 3, 'conv4_choice': 1, 'kernel_size_conv4': 3, 'conv6_choice': 1, 'pool_choice': 0, '__arch__': True}",0.3487215909090909,1022744.2401991942,56132.33136929423,86355962.331858
"{'out_size_conv1': 16, 'kernel_size_conv1': 3, 'conv2_choice': 0, 'channel_multiplier': 1, 'kernel_size_conv2': 7, 'conv3_choice': 0, 'kernel_size_conv3': 3, 'conv4_choice': 1, 'kernel_size_conv4': 3, 'conv6_choice': 1, 'pool_choice': 1, '__arch__': True}",0.24928977272727273,1022744.2401991942,56132.33136929423,86355962.331858
"{'out_size_conv1': 16, 'kernel_size_conv1': 3, 'conv2_choice': 0, 'channel_multiplier': 1, 'kernel_size_conv2': 7, 'conv3_choice': 0, 'kernel_size_conv3': 3, 'conv4_choice': 1, 'kernel_size_conv4': 5, 'conv6_choice': 0, 'pool_choice': 0, '__arch__': True}",0.3799715909090909,1032676.2204003943,57452.338668055134,94991558.56504379
"{'out_size_conv1': 16, 'kernel_size_conv1': 3, 'conv2_choice': 0, 'channel_multiplier': 1, 'kernel_size_conv2': 7, 'conv3_choice': 0, 'kernel_size_conv3': 3, 'conv4_choice': 1, 'kernel_size_conv4': 5, 'conv6_choice': 1, 'pool_choice': 0, '__arch__': True}",0.2549715909090909,1022744.2401991942,56132.33136929423,86355962.331858
"{'out_size_conv1': 16, 'kernel_size_conv1': 3, 'conv2_choice': 0, 'channel_multiplier': 1, 'kernel_size_conv2': 7, 'conv3_choice': 0, 'kernel_size_conv3': 3, 'conv4_choice': 1, 'kernel_size_conv4': 5, 'conv6_choice': 1, 'pool_choice': 1, '__arch__': True}",0.3473011363636363,1022744.2401991942,56132.33136929423,86355962.331858
"{'out_size_conv1': 16, 'kernel_size_conv1': 3, 'conv2_choice': 0, 'channel_multiplier': 1, 'kernel_size_conv2': 7, 'conv3_choice': 0, 'kernel_size_conv3': 5, 'conv4_choice': 0, 'kernel_size_conv4': 3, 'conv6_choice': 0, 'pool_choice': 0, '__arch__': True}",0.40767045454545453,1049896.344762555,62638.390135098736,103627154.79822959
"{'out_size_conv1': 16, 'kernel_size_conv1': 3, 'conv2_choice': 0, 'channel_multiplier': 1, 'kernel_size_conv2': 7, 'conv3_choice': 0, 'kernel_size_conv3': 5, 'conv4_choice': 0, 'kernel_size_conv4': 3, 'conv6_choice': 0, 'pool_choice': 1, '__arch__': True}",0.3721590909090909,1049896.344762555,62638.390135098736,103627154.79822959
"{'out_size_conv1': 16, 'kernel_size_conv1': 3, 'conv2_choice': 0, 'channel_multiplier': 1, 'kernel_size_conv2': 7, 'conv3_choice': 0, 'kernel_size_conv3': 5, 'conv4_choice': 0, 'kernel_size_conv4': 3, 'conv6_choice': 1, 'pool_choice': 0, '__arch__': True}",0.26917613636363635,1039964.3645613553,61318.382836337834,94991558.56504379
"{'out_size_conv1': 32, 'kernel_size_conv1': 5, 'conv2_choice': 0, 'channel_multiplier': 2, 'kernel_size_conv2': 5, 'conv3_choice': 0, 'kernel_size_conv3': 5, 'conv4_choice': 1, 'kernel_size_conv4': 3, 'conv6_choice': 1, 'pool_choice': 1, '__arch__': True}",0.5603693181818182,2174659.5335263596,418879.25098002097,319517060.62787455
"{'out_size_conv1': 16, 'kernel_size_conv1': 7, 'conv2_choice': 1, 'channel_multiplier': 1.5, 'kernel_size_conv2': 3, 'conv3_choice': 0, 'kernel_size_conv3': 5, 'conv4_choice': 1, 'kernel_size_conv4': 3, 'conv6_choice': 1, 'pool_choice': 1, '__arch__': True}",0.4893465909090909,1250589.4642890098,72325.41389170686,94991558.56504379
"{'out_size_conv1': 16, 'kernel_size_conv1': 3, 'conv2_choice': 0, 'channel_multiplier': 1, 'kernel_size_conv2': 7, 'conv3_choice': 0, 'kernel_size_conv3': 5, 'conv4_choice': 0, 'kernel_size_conv4': 3, 'conv6_choice': 1, 'pool_choice': 1, '__arch__': True}",0.2578125,1039964.3645613553,61318.382836337834,94991558.56504379
"{'out_size_conv1': 16, 'kernel_size_conv1': 3, 'conv2_choice': 0, 'channel_multiplier': 1, 'kernel_size_conv2': 7, 'conv3_choice': 0, 'kernel_size_conv3': 5, 'conv4_choice': 0, 'kernel_size_conv4': 5, 'conv6_choice': 0, 'pool_choice': 0, '__arch__': True}",0.3444602272727273,1069842.1511045946,68014.26640163906,112262751.03141539
"{'out_size_conv1': 16, 'kernel_size_conv1': 3, 'conv2_choice': 0, 'channel_multiplier': 1, 'kernel_size_conv2': 7, 'conv3_choice': 0, 'kernel_size_conv3': 5, 'conv4_choice': 0, 'kernel_size_conv4': 5, 'conv6_choice': 0, 'pool_choice': 1, '__arch__': True}",0.21875,1069842.1511045946,68014.26640163906,112262751.03141539
"{'out_size_conv1': 64, 'kernel_size_conv1': 3, 'conv2_choice': 0, 'channel_multiplier': 2, 'kernel_size_conv2': 7, 'conv3_choice': 0, 'kernel_size_conv3': 3, 'conv4_choice': 0, 'kernel_size_conv4': 5, 'conv6_choice': 0, 'pool_choice': 1, '__arch__': True}",0.4424715909090909,4719080.881981076,5547382.220470036,1528500533.2738864
"{'out_size_conv1': 16, 'kernel_size_conv1': 3, 'conv2_choice': 0, 'channel_multiplier': 1, 'kernel_size_conv2': 7, 'conv3_choice': 0, 'kernel_size_conv3': 5, 'conv4_choice': 0, 'kernel_size_conv4': 5, 'conv6_choice': 1, 'pool_choice': 0, '__arch__': True}",0.33735795454545453,1059910.1709033942,66694.25910287816,103627154.79822959
"{'out_size_conv1': 16, 'kernel_size_conv1': 3, 'conv2_choice': 0, 'channel_multiplier': 1, 'kernel_size_conv2': 7, 'conv3_choice': 0, 'kernel_size_conv3': 5, 'conv4_choice': 0, 'kernel_size_conv4': 5, 'conv6_choice': 1, 'pool_choice': 1, '__arch__': True}",0.31605113636363635,1059910.1709033942,66694.25910287816,103627154.79822959
"{'out_size_conv1': 16, 'kernel_size_conv1': 3, 'conv2_choice': 0, 'channel_multiplier': 1, 'kernel_size_conv2': 7, 'conv3_choice': 0, 'kernel_size_conv3': 5, 'conv4_choice': 1, 'kernel_size_conv4': 3, 'conv6_choice': 0, 'pool_choice': 0, '__arch__': True}",0.35795454545454547,1032676.2204003943,57452.338668055134,94991558.56504379
"{'out_size_conv1': 16, 'kernel_size_conv1': 3, 'conv2_choice': 0, 'channel_multiplier': 1, 'kernel_size_conv2': 7, 'conv3_choice': 0, 'kernel_size_conv3': 5, 'conv4_choice': 1, 'kernel_size_conv4': 3, 'conv6_choice': 1, 'pool_choice': 0, '__arch__': True}",0.4140625,1022744.2401991942,56132.33136929423,86355962.331858
"{'out_size_conv1': 16, 'kernel_size_conv1': 5, 'conv2_choice': 0, 'channel_multiplier': 1, 'kernel_size_conv2': 7, 'conv3_choice': 0, 'kernel_size_conv3': 3, 'conv4_choice': 0, 'kernel_size_conv4': 5, 'conv6_choice': 0, 'pool_choice': 1, '__arch__': True}",0.4318181818181818,1071442.1511045943,68399.97498127533,112262751.03141539
"{'out_size_conv1': 16, 'kernel_size_conv1': 3, 'conv2_choice': 0, 'channel_multiplier': 1, 'kernel_size_conv2': 7, 'conv3_choice': 0, 'kernel_size_conv3': 5, 'conv4_choice': 1, 'kernel_size_conv4': 5, 'conv6_choice': 0, 'pool_choice': 0, '__arch__': True}",0.38636363636363635,1032676.2204003943,57452.338668055134,94991558.56504379
"{'out_size_conv1': 16, 'kernel_size_conv1': 3, 'conv2_choice': 1, 'channel_multiplier': 1, 'kernel_size_conv2': 7, 'conv3_choice': 0, 'kernel_size_conv3': 3, 'conv4_choice': 0, 'kernel_size_conv4': 5, 'conv6_choice': 0, 'pool_choice': 1, '__arch__': True}",0.3196022727272727,1094027.6883210135,112600.17845496917,129533943.49778698
"{'out_size_conv1': 16, 'kernel_size_conv1': 3, 'conv2_choice': 0, 'channel_multiplier': 1, 'kernel_size_conv2': 7, 'conv3_choice': 0, 'kernel_size_conv3': 5, 'conv4_choice': 1, 'kernel_size_conv4': 5, 'conv6_choice': 0, 'pool_choice': 1, '__arch__': True}",0.3536931818181818,1032676.2204003943,57452.338668055134,94991558.56504379
"{'out_size_conv1': 32, 'kernel_size_conv1': 3, 'conv2_choice': 0, 'channel_multiplier': 2, 'kernel_size_conv2': 7, 'conv3_choice': 0, 'kernel_size_conv3': 3, 'conv4_choice': 0, 'kernel_size_conv4': 5, 'conv6_choice': 0, 'pool_choice': 1, '__arch__': True}",0.5731534090909091,2504530.8001006395,1176347.3172503521,518135773.99114794
"{'out_size_conv1': 16, 'kernel_size_conv1': 7, 'conv2_choice': 1, 'channel_multiplier': 1, 'kernel_size_conv2': 7, 'conv3_choice': 0, 'kernel_size_conv3': 3, 'conv4_choice': 0, 'kernel_size_conv4': 5, 'conv6_choice': 0, 'pool_choice': 1, '__arch__': True}",0.44176136363636365,1115193.4330770134,119148.31215202861,129533943.49778698
"{'out_size_conv1': 64, 'kernel_size_conv1': 3, 'conv2_choice': 0, 'channel_multiplier': 1, 'kernel_size_conv2': 7, 'conv3_choice': 0, 'kernel_size_conv3': 5, 'conv4_choice': 0, 'kernel_size_conv4': 5, 'conv6_choice': 0, 'pool_choice': 1, '__arch__': True}",0.4346590909090909,2695820.782354636,546418.9163285983,241796694.52920243
"{'out_size_conv1': 16, 'kernel_size_conv1': 3, 'conv2_choice': 0, 'channel_multiplier': 1.5, 'kernel_size_conv2': 7, 'conv3_choice': 0, 'kernel_size_conv3': 3, 'conv4_choice': 0, 'kernel_size_conv4': 5, 'conv6_choice': 1, 'pool_choice': 1, '__arch__': True}",0.46519886363636365,1108983.480473704,118834.82615844144,138169539.7309728
"{'out_size_conv1': 16, 'kernel_size_conv1': 3, 'conv2_choice': 0, 'channel_multiplier': 1, 'kernel_size_conv2': 7, 'conv3_choice': 0, 'kernel_size_conv3': 5, 'conv4_choice': 1, 'kernel_size_conv4': 5, 'conv6_choice': 1, 'pool_choice': 0, '__arch__': True}",0.3338068181818182,1022744.2401991942,56132.33136929423,86355962.331858
"{'out_size_conv1': 16, 'kernel_size_conv1': 3, 'conv2_choice': 0, 'channel_multiplier': 1, 'kernel_size_conv2': 7, 'conv3_choice': 0, 'kernel_size_conv3': 5, 'conv4_choice': 1, 'kernel_size_conv4': 5, 'conv6_choice': 1, 'pool_choice': 1, '__arch__': True}",0.4005681818181818,1022744.2401991942,56132.33136929423,86355962.331858
"{'out_size_conv1': 16, 'kernel_size_conv1': 3, 'conv2_choice': 0, 'channel_multiplier': 1, 'kernel_size_conv2': 7, 'conv3_choice': 1, 'kernel_size_conv3': 3, 'conv4_choice': 0, 'kernel_size_conv4': 3, 'conv6_choice': 0, 'pool_choice': 0, '__arch__': True}",0.4403409090909091,1049213.8841899952,59355.65609869328,94991558.56504379
"{'out_size_conv1': 16, 'kernel_size_conv1': 3, 'conv2_choice': 0, 'channel_multiplier': 1, 'kernel_size_conv2': 7, 'conv3_choice': 1, 'kernel_size_conv3': 3, 'conv4_choice': 0, 'kernel_size_conv4': 3, 'conv6_choice': 0, 'pool_choice': 1, '__arch__': True}",0.49360795454545453,1049213.8841899952,59355.65609869328,94991558.56504379
"{'out_size_conv1': 16, 'kernel_size_conv1': 3, 'conv2_choice': 0, 'channel_multiplier': 1, 'kernel_size_conv2': 7, 'conv3_choice': 1, 'kernel_size_conv3': 3, 'conv4_choice': 0, 'kernel_size_conv4': 3, 'conv6_choice': 1, 'pool_choice': 0, '__arch__': True}",0.30823863636363635,1039281.9039887954,58035.64879993238,86355962.331858
"{'out_size_conv1': 16, 'kernel_size_conv1': 3, 'conv2_choice': 0, 'channel_multiplier': 1, 'kernel_size_conv2': 7, 'conv3_choice': 1, 'kernel_size_conv3': 3, 'conv4_choice': 0, 'kernel_size_conv4': 3, 'conv6_choice': 1, 'pool_choice': 1, '__arch__': True}",0.4765625,1039281.9039887954,58035.64879993238,86355962.331858
"{'out_size_conv1': 16, 'kernel_size_conv1': 3, 'conv2_choice': 0, 'channel_multiplier': 1, 'kernel_size_conv2': 7, 'conv3_choice': 1, 'kernel_size_conv3': 3, 'conv4_choice': 0, 'kernel_size_conv4': 5, 'conv6_choice': 0, 'pool_choice': 0, '__arch__': True}",0.36363636363636365,1068048.490532036,64731.5323652336,103627154.79822959
"{'out_size_conv1': 16, 'kernel_size_conv1': 3, 'conv2_choice': 0, 'channel_multiplier': 1, 'kernel_size_conv2': 7, 'conv3_choice': 1, 'kernel_size_conv3': 3, 'conv4_choice': 0, 'kernel_size_conv4': 5, 'conv6_choice': 0, 'pool_choice': 1, '__arch__': True}",0.3387784090909091,1068048.490532036,64731.5323652336,103627154.79822959
"{'out_size_conv1': 16, 'kernel_size_conv1': 3, 'conv2_choice': 0, 'channel_multiplier': 1, 'kernel_size_conv2': 7, 'conv3_choice': 1, 'kernel_size_conv3': 3, 'conv4_choice': 0, 'kernel_size_conv4': 5, 'conv6_choice': 1, 'pool_choice': 0, '__arch__': True}",0.4524147727272727,1058116.5103308358,63411.5250664727,94991558.56504379
"{'out_size_conv1': 16, 'kernel_size_conv1': 3, 'conv2_choice': 0, 'channel_multiplier': 1, 'kernel_size_conv2': 7, 'conv3_choice': 1, 'kernel_size_conv3': 3, 'conv4_choice': 0, 'kernel_size_conv4': 5, 'conv6_choice': 1, 'pool_choice': 1, '__arch__': True}",0.3224431818181818,1058116.5103308358,63411.5250664727,94991558.56504379
"{'out_size_conv1': 16, 'kernel_size_conv1': 3, 'conv2_choice': 0, 'channel_multiplier': 1, 'kernel_size_conv2': 7, 'conv3_choice': 1, 'kernel_size_conv3': 3, 'conv4_choice': 1, 'kernel_size_conv4': 3, 'conv6_choice': 0, 'pool_choice': 0, '__arch__': True}",0.3728693181818182,1031871.3598278351,54169.60463164968,86355962.331858
"{'out_size_conv1': 16, 'kernel_size_conv1': 3, 'conv2_choice': 0, 'channel_multiplier': 1, 'kernel_size_conv2': 7, 'conv3_choice': 1, 'kernel_size_conv3': 3, 'conv4_choice': 1, 'kernel_size_conv4': 3, 'conv6_choice': 0, 'pool_choice': 1, '__arch__': True}",0.3835227272727273,1031871.3598278351,54169.60463164968,86355962.331858
"{'out_size_conv1': 16, 'kernel_size_conv1': 3, 'conv2_choice': 0, 'channel_multiplier': 1, 'kernel_size_conv2': 7, 'conv3_choice': 1, 'kernel_size_conv3': 3, 'conv4_choice': 1, 'kernel_size_conv4': 3, 'conv6_choice': 1, 'pool_choice': 0, '__arch__': True}",0.390625,1021939.379626635,52849.59733288878,77720366.0986722
"{'out_size_conv1': 16, 'kernel_size_conv1': 3, 'conv2_choice': 0, 'channel_multiplier': 1, 'kernel_size_conv2': 7, 'conv3_choice': 1, 'kernel_size_conv3': 3, 'conv4_choice': 1, 'kernel_size_conv4': 3, 'conv6_choice': 1, 'pool_choice': 1, '__arch__': True}",0.23011363636363635,1021939.379626635,52849.59733288878,77720366.0986722
"{'out_size_conv1': 16, 'kernel_size_conv1': 3, 'conv2_choice': 0, 'channel_multiplier': 1, 'kernel_size_conv2': 7, 'conv3_choice': 1, 'kernel_size_conv3': 3, 'conv4_choice': 1, 'kernel_size_conv4': 5, 'conv6_choice': 0, 'pool_choice': 0, '__arch__': True}",0.3444602272727273,1031871.3598278351,54169.60463164968,86355962.331858
"{'out_size_conv1': 16, 'kernel_size_conv1': 3, 'conv2_choice': 0, 'channel_multiplier': 1, 'kernel_size_conv2': 7, 'conv3_choice': 1, 'kernel_size_conv3': 3, 'conv4_choice': 1, 'kernel_size_conv4': 5, 'conv6_choice': 1, 'pool_choice': 0, '__arch__': True}",0.2911931818181818,1021939.379626635,52849.59733288878,77720366.0986722
"{'out_size_conv1': 16, 'kernel_size_conv1': 3, 'conv2_choice': 0, 'channel_multiplier': 1, 'kernel_size_conv2': 7, 'conv3_choice': 1, 'kernel_size_conv3': 3, 'conv4_choice': 1, 'kernel_size_conv4': 5, 'conv6_choice': 1, 'pool_choice': 1, '__arch__': True}",0.2762784090909091,1021939.379626635,52849.59733288878,77720366.0986722
"{'out_size_conv1': 16, 'kernel_size_conv1': 3, 'conv2_choice': 0, 'channel_multiplier': 1, 'kernel_size_conv2': 7, 'conv3_choice': 1, 'kernel_size_conv3': 5, 'conv4_choice': 0, 'kernel_size_conv4': 3, 'conv6_choice': 0, 'pool_choice': 0, '__arch__': True}",0.43607954545454547,1066869.690532036,64731.5323652336,103627154.79822959
"{'out_size_conv1': 16, 'kernel_size_conv1': 3, 'conv2_choice': 0, 'channel_multiplier': 1, 'kernel_size_conv2': 7, 'conv3_choice': 1, 'kernel_size_conv3': 5, 'conv4_choice': 0, 'kernel_size_conv4': 3, 'conv6_choice': 0, 'pool_choice': 1, '__arch__': True}",0.31392045454545453,1066869.690532036,64731.5323652336,103627154.79822959
"{'out_size_conv1': 16, 'kernel_size_conv1': 3, 'conv2_choice': 0, 'channel_multiplier': 1, 'kernel_size_conv2': 7, 'conv3_choice': 1, 'kernel_size_conv3': 5, 'conv4_choice': 0, 'kernel_size_conv4': 3, 'conv6_choice': 1, 'pool_choice': 0, '__arch__': True}",0.3849431818181818,1056937.7103308355,63411.5250664727,94991558.56504379
"{'out_size_conv1': 16, 'kernel_size_conv1': 3, 'conv2_choice': 0, 'channel_multiplier': 1, 'kernel_size_conv2': 7, 'conv3_choice': 1, 'kernel_size_conv3': 5, 'conv4_choice': 0, 'kernel_size_conv4': 3, 'conv6_choice': 1, 'pool_choice': 1, '__arch__': True}",0.4509943181818182,1056937.7103308355,63411.5250664727,94991558.56504379
"{'out_size_conv1': 16, 'kernel_size_conv1': 3, 'conv2_choice': 0, 'channel_multiplier': 1, 'kernel_size_conv2': 7, 'conv3_choice': 1, 'kernel_size_conv3': 5, 'conv4_choice': 0, 'kernel_size_conv4': 5, 'conv6_choice': 0, 'pool_choice': 0, '__arch__': True}",0.32670454545454547,1087040.6968740725,70107.40863177393,112262751.03141539
"{'out_size_conv1': 16, 'kernel_size_conv1': 3, 'conv2_choice': 0, 'channel_multiplier': 1, 'kernel_size_conv2': 7, 'conv3_choice': 1, 'kernel_size_conv3': 5, 'conv4_choice': 0, 'kernel_size_conv4': 5, 'conv6_choice': 0, 'pool_choice': 1, '__arch__': True}",0.3977272727272727,1087040.6968740725,70107.40863177393,112262751.03141539
"{'out_size_conv1': 16, 'kernel_size_conv1': 3, 'conv2_choice': 0, 'channel_multiplier': 1, 'kernel_size_conv2': 7, 'conv3_choice': 1, 'kernel_size_conv3': 5, 'conv4_choice': 0, 'kernel_size_conv4': 5, 'conv6_choice': 1, 'pool_choice': 0, '__arch__': True}",0.44105113636363635,1077108.7166728724,68787.40133301303,103627154.79822959
"{'out_size_conv1': 16, 'kernel_size_conv1': 3, 'conv2_choice': 0, 'channel_multiplier': 1, 'kernel_size_conv2': 7, 'conv3_choice': 1, 'kernel_size_conv3': 5, 'conv4_choice': 0, 'kernel_size_conv4': 5, 'conv6_choice': 1, 'pool_choice': 1, '__arch__': True}",0.4005681818181818,1077108.7166728724,68787.40133301303,103627154.79822959
"{'out_size_conv1': 16, 'kernel_size_conv1': 3, 'conv2_choice': 0, 'channel_multiplier': 1, 'kernel_size_conv2': 7, 'conv3_choice': 1, 'kernel_size_conv3': 5, 'conv4_choice': 1, 'kernel_size_conv4': 3, 'conv6_choice': 0, 'pool_choice': 0, '__arch__': True}",0.4318181818181818,1049623.966169873,59545.48089819,94991558.56504379
"{'out_size_conv1': 16, 'kernel_size_conv1': 3, 'conv2_choice': 0, 'channel_multiplier': 1, 'kernel_size_conv2': 7, 'conv3_choice': 1, 'kernel_size_conv3': 5, 'conv4_choice': 1, 'kernel_size_conv4': 3, 'conv6_choice': 0, 'pool_choice': 1, '__arch__': True}",0.29261363636363635,1049623.966169873,59545.48089819,94991558.56504379
"{'out_size_conv1': 16, 'kernel_size_conv1': 3, 'conv2_choice': 0, 'channel_multiplier': 1, 'kernel_size_conv2': 7, 'conv3_choice': 1, 'kernel_size_conv3': 5, 'conv4_choice': 1, 'kernel_size_conv4': 3, 'conv6_choice': 1, 'pool_choice': 0, '__arch__': True}",0.421875,1039691.985968673,58225.4735994291,86355962.331858
"{'out_size_conv1': 16, 'kernel_size_conv1': 3, 'conv2_choice': 0, 'channel_multiplier': 1, 'kernel_size_conv2': 7, 'conv3_choice': 1, 'kernel_size_conv3': 5, 'conv4_choice': 1, 'kernel_size_conv4': 3, 'conv6_choice': 1, 'pool_choice': 1, '__arch__': True}",0.4325284090909091,1039691.985968673,58225.4735994291,86355962.331858
"{'out_size_conv1': 16, 'kernel_size_conv1': 3, 'conv2_choice': 0, 'channel_multiplier': 1, 'kernel_size_conv2': 7, 'conv3_choice': 1, 'kernel_size_conv3': 5, 'conv4_choice': 1, 'kernel_size_conv4': 5, 'conv6_choice': 0, 'pool_choice': 0, '__arch__': True}",0.2606534090909091,1049623.966169873,59545.48089819,94991558.56504379
"{'out_size_conv1': 16, 'kernel_size_conv1': 3, 'conv2_choice': 0, 'channel_multiplier': 1, 'kernel_size_conv2': 7, 'conv3_choice': 1, 'kernel_size_conv3': 5, 'conv4_choice': 1, 'kernel_size_conv4': 5, 'conv6_choice': 0, 'pool_choice': 1, '__arch__': True}",0.2727272727272727,1049623.966169873,59545.48089819,94991558.56504379
"{'out_size_conv1': 16, 'kernel_size_conv1': 3, 'conv2_choice': 0, 'channel_multiplier': 1, 'kernel_size_conv2': 7, 'conv3_choice': 1, 'kernel_size_conv3': 5, 'conv4_choice': 1, 'kernel_size_conv4': 5, 'conv6_choice': 1, 'pool_choice': 0, '__arch__': True}",0.3132102272727273,1039691.985968673,58225.4735994291,86355962.331858
"{'out_size_conv1': 16, 'kernel_size_conv1': 3, 'conv2_choice': 0, 'channel_multiplier': 1, 'kernel_size_conv2': 7, 'conv3_choice': 1, 'kernel_size_conv3': 5, 'conv4_choice': 1, 'kernel_size_conv4': 5, 'conv6_choice': 1, 'pool_choice': 1, '__arch__': True}",0.19602272727272727,1039691.985968673,58225.4735994291,86355962.331858
"{'out_size_conv1': 16, 'kernel_size_conv1': 3, 'conv2_choice': 0, 'channel_multiplier': 1.5, 'kernel_size_conv2': 3, 'conv3_choice': 0, 'kernel_size_conv3': 3, 'conv4_choice': 0, 'kernel_size_conv4': 3, 'conv6_choice': 0, 'pool_choice': 0, '__arch__': True}",0.4275568181818182,1108762.1621453648,106379.65914715102,138169539.7309728
"{'out_size_conv1': 16, 'kernel_size_conv1': 3, 'conv2_choice': 0, 'channel_multiplier': 1.5, 'kernel_size_conv2': 3, 'conv3_choice': 0, 'kernel_size_conv3': 3, 'conv4_choice': 0, 'kernel_size_conv4': 3, 'conv6_choice': 1, 'pool_choice': 0, '__arch__': True}",0.40269886363636365,1085505.5077254162,98279.863123301,120898347.26460119
"{'out_size_conv1': 16, 'kernel_size_conv1': 3, 'conv2_choice': 0, 'channel_multiplier': 1.5, 'kernel_size_conv2': 3, 'conv3_choice': 0, 'kernel_size_conv3': 3, 'conv4_choice': 0, 'kernel_size_conv4': 5, 'conv6_choice': 0, 'pool_choice': 0, '__arch__': True}",0.3806818181818182,1130655.8348936546,126934.62218229147,155440732.1973444
"{'out_size_conv1': 16, 'kernel_size_conv1': 3, 'conv2_choice': 0, 'channel_multiplier': 1.5, 'kernel_size_conv2': 3, 'conv3_choice': 0, 'kernel_size_conv3': 3, 'conv4_choice': 0, 'kernel_size_conv4': 5, 'conv6_choice': 0, 'pool_choice': 1, '__arch__': True}",0.515625,1130655.8348936546,126934.62218229147,155440732.1973444
"{'out_size_conv1': 16, 'kernel_size_conv1': 3, 'conv2_choice': 0, 'channel_multiplier': 1.5, 'kernel_size_conv2': 3, 'conv3_choice': 0, 'kernel_size_conv3': 3, 'conv4_choice': 0, 'kernel_size_conv4': 5, 'conv6_choice': 1, 'pool_choice': 0, '__arch__': True}",0.5639204545454546,1108983.480473704,118834.82615844144,138169539.7309728
"{'out_size_conv1': 16, 'kernel_size_conv1': 3, 'conv2_choice': 0, 'channel_multiplier': 1.5, 'kernel_size_conv2': 3, 'conv3_choice': 0, 'kernel_size_conv3': 3, 'conv4_choice': 0, 'kernel_size_conv4': 5, 'conv6_choice': 1, 'pool_choice': 1, '__arch__': True}",0.5454545454545454,1108983.480473704,118834.82615844144,138169539.7309728
"{'out_size_conv1': 16, 'kernel_size_conv1': 3, 'conv2_choice': 0, 'channel_multiplier': 1.5, 'kernel_size_conv2': 3, 'conv3_choice': 0, 'kernel_size_conv3': 3, 'conv4_choice': 1, 'kernel_size_conv4': 3, 'conv6_choice': 0, 'pool_choice': 0, '__arch__': True}",0.3913352272727273,1069489.8276269557,84015.61649422366,120898347.26460119
"{'out_size_conv1': 16, 'kernel_size_conv1': 5, 'conv2_choice': 0, 'channel_multiplier': 1, 'kernel_size_conv2': 7, 'conv3_choice': 1, 'kernel_size_conv3': 3, 'conv4_choice': 1, 'kernel_size_conv4': 5, 'conv6_choice': 1, 'pool_choice': 1, '__arch__': True}",0.4083806818181818,1023539.379626635,53235.30591252503,77720366.0986722
"{'out_size_conv1': 16, 'kernel_size_conv1': 3, 'conv2_choice': 0, 'channel_multiplier': 1.5, 'kernel_size_conv2': 3, 'conv3_choice': 0, 'kernel_size_conv3': 3, 'conv4_choice': 1, 'kernel_size_conv4': 3, 'conv6_choice': 0, 'pool_choice': 1, '__arch__': True}",0.4865056818181818,1069489.8276269557,84015.61649422366,120898347.26460119
"{'out_size_conv1': 16, 'kernel_size_conv1': 3, 'conv2_choice': 0, 'channel_multiplier': 1.5, 'kernel_size_conv2': 3, 'conv3_choice': 0, 'kernel_size_conv3': 3, 'conv4_choice': 1, 'kernel_size_conv4': 3, 'conv6_choice': 1, 'pool_choice': 0, '__arch__': True}",0.4609375,1048152.2732070064,75915.82047037364,103627154.79822959
