"{'out_size_conv1': 32, 'kernel_size_conv1': 5, 'conv2_choice': 1, 'channel_multiplier': 1, 'kernel_size_conv2': 7, 'conv3_choice': 0, 'kernel_size_conv3': 5, 'conv4_choice': 1, 'kernel_size_conv4': 5, 'conv6_choice': 1, 'pool_choice': 0, '__arch__': True}",0.4044744318181818,1694000.1836656234,314249.6137238356,155440732.1973444
"{'out_size_conv1': 64, 'kernel_size_conv1': 7, 'conv2_choice': 1, 'channel_multiplier': 2, 'kernel_size_conv2': 3, 'conv3_choice': 0, 'kernel_size_conv3': 3, 'conv4_choice': 0, 'kernel_size_conv4': 3, 'conv6_choice': 1, 'pool_choice': 0, '__arch__': True}",0.3973721590909091,4739607.686131264,2674614.144959142,1053542740.4486675
"{'out_size_conv1': 64, 'kernel_size_conv1': 7, 'conv2_choice': 0, 'channel_multiplier': 2, 'kernel_size_conv2': 5, 'conv3_choice': 1, 'kernel_size_conv3': 3, 'conv4_choice': 1, 'kernel_size_conv4': 5, 'conv6_choice': 1, 'pool_choice': 0, '__arch__': True}",0.5127840909090909,4076704.4494275507,1719651.4878169454,967186778.1168095
"{'out_size_conv1': 32, 'kernel_size_conv1': 3, 'conv2_choice': 1, 'channel_multiplier': 1, 'kernel_size_conv2': 7, 'conv3_choice': 0, 'kernel_size_conv3': 3, 'conv4_choice': 0, 'kernel_size_conv4': 5, 'conv6_choice': 0, 'pool_choice': 0, '__arch__': True}",0.5163352272727273,1759549.2351960214,357356.88276906067,207254309.5964592
"{'out_size_conv1': 16, 'kernel_size_conv1': 3, 'conv2_choice': 1, 'channel_multiplier': 1.5, 'kernel_size_conv2': 3, 'conv3_choice': 0, 'kernel_size_conv3': 3, 'conv4_choice': 1, 'kernel_size_conv4': 5, 'conv6_choice': 0, 'pool_choice': 1, '__arch__': True}",0.4552556818181818,1264434.46549192,73877.07621849744,112262751.03141539
"{'out_size_conv1': 64, 'kernel_size_conv1': 7, 'conv2_choice': 0, 'channel_multiplier': 1, 'kernel_size_conv2': 5, 'conv3_choice': 0, 'kernel_size_conv3': 5, 'conv4_choice': 1, 'kernel_size_conv4': 5, 'conv6_choice': 1, 'pool_choice': 0, '__arch__': True}",0.3132102272727273,2584511.002791286,429166.4825805926,155440732.19734442
"{'out_size_conv1': 32, 'kernel_size_conv1': 3, 'conv2_choice': 1, 'channel_multiplier': 1.5, 'kernel_size_conv2': 3, 'conv3_choice': 0, 'kernel_size_conv3': 3, 'conv4_choice': 1, 'kernel_size_conv4': 5, 'conv6_choice': 0, 'pool_choice': 1, '__arch__': True}",0.5866477272727273,2129203.6833477304,239825.9183159859,172711924.66371602
"{'out_size_conv1': 16, 'kernel_size_conv1': 3, 'conv2_choice': 1, 'channel_multiplier': 1, 'kernel_size_conv2': 5, 'conv3_choice': 1, 'kernel_size_conv3': 3, 'conv4_choice': 1, 'kernel_size_conv4': 5, 'conv6_choice': 0, 'pool_choice': 0, '__arch__': True}",0.37357954545454547,1087346.0981497483,62038.18357218914,86355962.331858
"{'out_size_conv1': 32, 'kernel_size_conv1': 3, 'conv2_choice': 1, 'channel_multiplier': 2, 'kernel_size_conv2': 7, 'conv3_choice': 1, 'kernel_size_conv3': 5, 'conv4_choice': 1, 'kernel_size_conv4': 5, 'conv6_choice': 1, 'pool_choice': 0, '__arch__': True}",0.5035511363636364,2945024.2382288976,958652.4226225211,379966234.26017517
